Date,Open,High,Low,Close,Adj Close,Volume
2019-01-02,44.47999954223633,45.34000015258789,44.45000076293945,45.220001220703125,41.15987777709961,14320400
2019-01-03,44.75,45.5,44.40999984741211,44.779998779296875,40.759376525878906,19868700
2019-01-04,45.369998931884766,46.95000076293945,45.25,46.709999084472656,42.51609802246094,20984000
2019-01-07,46.93000030517578,48.11000061035156,46.470001220703125,47.45000076293945,43.18965148925781,17967900
2019-01-08,47.93000030517578,48.36000061035156,47.20000076293945,47.880001068115234,43.58104705810547,16255700
2019-01-09,46.63999938964844,48.22999954223633,46.61000061035156,47.779998779296875,43.490013122558594,19100200
2019-01-10,47.380001068115234,47.97999954223633,46.880001068115234,47.81999969482422,43.52643585205078,16652700
2019-01-11,47.66999816894531,48.619998931884766,47.369998931884766,48.290000915527344,43.9542350769043,16397400
2019-01-14,47.849998474121094,48.34000015258789,47.619998931884766,48.18000030517578,43.85410690307617,14869400
2019-01-15,47.470001220703125,48.529998779296875,47.40999984741211,48.380001068115234,44.21049499511719,12142100
2019-01-16,48.58000183105469,48.790000915527344,48.04999923706055,48.060001373291016,43.91808319091797,14114000
2019-01-17,48.0099983215332,48.90999984741211,47.810001373291016,48.58000183105469,44.39326095581055,12711200
2019-01-18,48.939998626708984,49.56999969482422,48.869998931884766,49.27000045776367,45.0238037109375,15930600
2019-01-22,48.84000015258789,49.16999816894531,48.65999984741211,48.939998626708984,44.722232818603516,13318700
2019-01-23,49.189998626708984,49.47999954223633,48.83000183105469,49.2400016784668,44.99638748168945,15551200
2019-01-24,49.2599983215332,49.43000030517578,48.869998931884766,49.20000076293945,44.95983123779297,11442200
2019-01-25,49.599998474121094,49.900001525878906,49.45000076293945,49.79999923706055,45.508121490478516,16656600
2019-01-28,49.45000076293945,49.72999954223633,49.209999084472656,49.52000045776367,45.252254486083984,11799100
2019-01-29,49.38999938964844,49.91999816894531,49.189998626708984,49.61000061035156,45.3344841003418,10838600
2019-01-30,49.86000061035156,50.5,49.599998474121094,50.36000061035156,46.01986312866211,13483800
2019-01-31,50.2400016784668,50.5,50.06999969482422,50.22999954223633,45.901058197021484,20403600
2019-02-01,50.52000045776367,51.099998474121094,50.290000915527344,50.810001373291016,46.43107223510742,14849600
2019-02-04,50.380001068115234,51.25,50.380001068115234,51.029998779296875,46.632118225097656,12221200
2019-02-05,51.16999816894531,51.369998931884766,50.88999938964844,51.2400016784668,46.82402038574219,13345500
2019-02-06,51.189998626708984,51.4900016784668,50.970001220703125,51.2599983215332,46.84228515625,9220900
2019-02-07,50.790000915527344,50.9900016784668,50.16999816894531,50.220001220703125,45.89192581176758,14905000
2019-02-08,50.09000015258789,51.029998779296875,49.81999969482422,51.029998779296875,46.632118225097656,11535600
2019-02-11,50.959999084472656,51.47999954223633,50.95000076293945,51.22999954223633,46.814876556396484,9714500
2019-02-12,51.459999084472656,51.54999923706055,51.189998626708984,51.220001220703125,46.80574417114258,14188500
2019-02-13,51.25,51.54999923706055,50.95000076293945,51.41999816894531,46.98851013183594,11342600
2019-02-14,51.2400016784668,51.75,51.09000015258789,51.47999954223633,47.0433349609375,11155300
2019-02-15,51.130001068115234,51.720001220703125,51.06999969482422,51.720001220703125,47.262664794921875,13822200
2019-02-19,51.47999954223633,52.18000030517578,51.2400016784668,52.02000045776367,47.536808013916016,12357500
2019-02-20,52.0,52.209999084472656,51.5,51.77000045776367,47.308345794677734,13440900
2019-02-21,51.630001068115234,52.349998474121094,51.5099983215332,52.11000061035156,47.619041442871094,14759500
2019-02-22,52.38999938964844,52.599998474121094,52.20000076293945,52.47999954223633,47.957157135009766,11689700
2019-02-25,52.75,53.029998779296875,52.459999084472656,52.560001373291016,48.0302619934082,14722200
2019-02-26,52.459999084472656,52.880001068115234,52.2400016784668,52.599998474121094,48.06679916381836,12041300
2019-02-27,52.52000045776367,52.63999938964844,52.2599983215332,52.380001068115234,47.86577224731445,10674200
2019-02-28,52.20000076293945,52.5099983215332,52.04999923706055,52.130001068115234,47.63731002807617,31856900
2019-03-01,52.5,52.72999954223633,52.369998931884766,52.5099983215332,47.98455810546875,15757700
2019-03-04,52.66999816894531,52.849998474121094,51.56999969482422,52.040000915527344,47.55506896972656,14850100
2019-03-05,52.040000915527344,52.59000015258789,52.02000045776367,52.36000061035156,47.84749221801758,16291900
2019-03-06,52.310001373291016,52.75,52.130001068115234,52.349998474121094,47.83835983276367,12389300
2019-03-07,52.20000076293945,53.130001068115234,52.189998626708984,52.58000183105469,48.04853057861328,16624100
2019-03-08,52.349998474121094,52.779998779296875,52.130001068115234,52.77000045776367,48.22216033935547,15071100
2019-03-11,51.939998626708984,53.18000030517578,51.90999984741211,52.65999984741211,48.12163162231445,20027700
2019-03-12,52.66999816894531,53.290000915527344,52.58000183105469,52.79999923706055,48.249576568603516,18048500
2019-03-13,53.060001373291016,53.470001220703125,52.7400016784668,53.060001373291016,48.4871711730957,19490800
2019-03-14,52.97999954223633,53.400001525878906,52.849998474121094,53.04999923706055,48.478023529052734,24000300
2019-03-15,51.400001525878906,53.38999938964844,51.0,52.939998626708984,48.377498626708984,43340200
2019-03-18,52.869998931884766,53.959999084472656,52.779998779296875,53.459999084472656,48.852691650390625,21953600
2019-03-19,53.79999923706055,54.380001068115234,53.75,54.040000915527344,49.3827018737793,19214000
2019-03-20,53.88999938964844,54.189998626708984,52.5099983215332,52.63999938964844,48.103355407714844,24111600
2019-03-21,52.630001068115234,54.04999923706055,52.349998474121094,54.040000915527344,49.3827018737793,16686300
2019-03-22,53.619998931884766,53.880001068115234,52.7400016784668,52.77000045776367,48.22216033935547,16201500
2019-03-25,52.560001373291016,52.939998626708984,52.22999954223633,52.7400016784668,48.19475173950195,11755900
2019-03-26,53.290000915527344,53.540000915527344,53.060001373291016,53.279998779296875,48.68820571899414,11657600
2019-03-27,53.279998779296875,53.650001525878906,52.310001373291016,52.810001373291016,48.25870895385742,12636000
2019-03-28,53.0,53.29999923706055,52.790000915527344,53.189998626708984,48.60595703125,9103100
2019-03-29,53.470001220703125,53.7400016784668,53.25,53.709999084472656,49.08115005493164,11485700
2019-04-01,53.880001068115234,54.650001525878906,53.849998474121094,54.58000183105469,49.876163482666016,15191700
2019-04-02,54.40999984741211,54.5,53.880001068115234,54.150001525878906,49.48322677612305,10812100
2019-04-03,54.15999984741211,54.38999938964844,53.86000061035156,54.060001373291016,49.40098190307617,12853400
2019-04-04,53.86000061035156,54.150001525878906,53.40999984741211,53.81999969482422,49.181663513183594,9978800
2019-04-05,53.7400016784668,54.189998626708984,53.7400016784668,53.93000030517578,49.28219223022461,10016300
2019-04-08,53.72999954223633,53.93000030517578,53.33000183105469,53.720001220703125,49.09028244018555,10126700
2019-04-09,53.5,54.099998474121094,53.470001220703125,53.83000183105469,49.1908073425293,9789000
2019-04-10,53.619998931884766,54.15999984741211,53.599998474121094,53.970001220703125,49.539615631103516,8477300
2019-04-11,54.04999923706055,54.189998626708984,53.52000045776367,53.790000915527344,49.3744010925293,8147600
2019-04-12,54.099998474121094,54.5,53.869998931884766,54.5,50.026100158691406,9014000
2019-04-15,54.5,54.75,54.310001373291016,54.630001068115234,50.14542770385742,7694900
2019-04-16,54.66999816894531,54.90999984741211,54.33000183105469,54.59000015258789,50.10871887207031,7265200
2019-04-17,54.68000030517578,54.83000183105469,54.38999938964844,54.47999954223633,50.00774002075195,7792200
2019-04-18,54.439998626708984,54.66999816894531,54.22999954223633,54.52000045776367,50.04446792602539,8233000
2019-04-22,54.400001525878906,54.68000030517578,54.20000076293945,54.619998931884766,50.136260986328125,6088100
2019-04-23,54.75,55.13999938964844,54.720001220703125,54.939998626708984,50.42998123168945,10923400
2019-04-24,55.0,55.529998779296875,54.959999084472656,55.18000030517578,50.6502799987793,8769800
2019-04-25,55.150001525878906,55.220001220703125,54.58000183105469,55.0099983215332,50.494232177734375,8226100
2019-04-26,55.220001220703125,55.4900016784668,55.0099983215332,55.40999984741211,50.86140441894531,7101600
2019-04-29,55.290000915527344,55.4900016784668,55.08000183105469,55.08000183105469,50.55849075317383,6443000
2019-04-30,55.060001373291016,55.380001068115234,54.84000015258789,55.33000183105469,50.78797912597656,10562300
2019-05-01,55.31999969482422,55.41999816894531,54.79999923706055,54.880001068115234,50.37491226196289,7792700
2019-05-02,54.810001373291016,55.04999923706055,54.459999084472656,54.599998474121094,50.11790084838867,9652200
2019-05-03,54.79999923706055,55.02000045776367,54.66999816894531,54.790000915527344,50.29228973388672,11066500
2019-05-06,53.900001525878906,55.0,53.83000183105469,54.849998474121094,50.347373962402344,9305400
2019-05-07,54.20000076293945,54.63999938964844,53.650001525878906,54.0,49.56714630126953,11712400
2019-05-08,54.349998474121094,54.43000030517578,53.810001373291016,53.9900016784668,49.5579719543457,10729800
2019-05-09,53.459999084472656,54.349998474121094,53.08000183105469,54.25,49.796627044677734,10711800
2019-05-10,53.77000045776367,54.970001220703125,53.5099983215332,54.650001525878906,50.163787841796875,11200300
2019-05-13,53.720001220703125,53.95000076293945,53.38999938964844,53.43000030517578,49.043941497802734,10664700
2019-05-14,53.63999938964844,54.619998931884766,53.36000061035156,54.130001068115234,49.68648147583008,11520800
2019-05-15,53.90999984741211,54.810001373291016,53.84000015258789,54.560001373291016,50.081180572509766,8573000
2019-05-16,54.90999984741211,55.150001525878906,54.54999923706055,54.63999938964844,50.15460968017578,10013800
2019-05-17,54.189998626708984,54.91999816894531,54.189998626708984,54.5,50.026100158691406,9057100
2019-05-20,53.95000076293945,54.36000061035156,53.529998779296875,53.65999984741211,49.255062103271484,9820200
2019-05-21,54.209999084472656,54.27000045776367,54.029998779296875,54.16999816894531,49.72319412231445,8482000
2019-05-22,54.22999954223633,54.54999923706055,54.040000915527344,54.20000076293945,49.750732421875,8389700
2019-05-23,53.720001220703125,53.720001220703125,52.5099983215332,53.08000183105469,48.722679138183594,11213900
2019-05-24,53.380001068115234,53.470001220703125,52.59000015258789,52.77000045776367,48.43812561035156,9090700
2019-05-28,53.08000183105469,53.279998779296875,51.75,51.75,47.501861572265625,28230400
2019-05-29,51.43000030517578,51.810001373291016,51.04999923706055,51.689998626708984,47.446773529052734,12448700
2019-05-30,51.93000030517578,52.029998779296875,51.459999084472656,51.720001220703125,47.47431945800781,8569500
2019-05-31,51.2400016784668,51.36000061035156,50.5099983215332,50.599998474121094,46.44625473022461,11847100
2019-06-03,50.560001373291016,51.08000183105469,49.88999938964844,50.2400016784668,46.11579513549805,17434400
2019-06-04,50.790000915527344,52.2400016784668,50.630001068115234,52.02000045776367,47.74969482421875,17073200
2019-06-05,52.779998779296875,53.2400016784668,51.849998474121094,52.099998474121094,47.823123931884766,15855300
2019-06-06,52.09000015258789,52.7400016784668,51.86000061035156,52.59000015258789,48.27289581298828,10266900
2019-06-07,52.79999923706055,53.41999816894531,52.779998779296875,53.2599983215332,48.88789367675781,11591800
2019-06-10,53.68000030517578,54.40999984741211,53.56999969482422,54.0099983215332,49.576324462890625,12984600
2019-06-11,54.5,54.61000061035156,53.84000015258789,53.939998626708984,49.51206588745117,11288400
2019-06-12,53.68000030517578,54.04999923706055,53.43000030517578,53.619998931884766,49.21834182739258,10235400
2019-06-13,53.97999954223633,53.97999954223633,53.439998626708984,53.84000015258789,49.4202880859375,11289100
2019-06-14,53.61000061035156,53.83000183105469,53.279998779296875,53.279998779296875,48.9062614440918,12973000
2019-06-17,53.34000015258789,53.54999923706055,52.95000076293945,53.130001068115234,48.76856994628906,15207900
2019-06-18,52.86000061035156,53.599998474121094,52.40999984741211,52.900001525878906,48.55745315551758,20999700
2019-06-19,52.75,53.130001068115234,52.25,52.68000030517578,48.355506896972656,35449500
2019-06-20,55.97999954223633,57.470001220703125,55.529998779296875,56.9900016784668,52.31169128417969,54173900
2019-06-21,57.13999938964844,57.150001525878906,56.060001373291016,56.119998931884766,51.51311492919922,45169000
2019-06-24,56.25,57.29999923706055,55.900001525878906,56.7400016784668,52.08222579956055,19544200
2019-06-25,56.869998931884766,57.18000030517578,56.060001373291016,56.06999969482422,51.46720886230469,25462100
2019-06-26,56.43000030517578,56.849998474121094,56.2400016784668,56.65999984741211,52.008792877197266,15045200
2019-06-27,57.0,57.38999938964844,56.7599983215332,56.77000045776367,52.109764099121094,12605800
2019-06-28,56.900001525878906,57.08000183105469,56.36000061035156,56.970001220703125,52.2933349609375,42570500
2019-07-01,57.150001525878906,58.09000015258789,57.029998779296875,58.0099983215332,53.24796676635742,20413000
2019-07-02,57.880001068115234,58.560001373291016,57.77000045776367,58.459999084472656,53.66102600097656,17569600
2019-07-03,58.45000076293945,58.95000076293945,58.380001068115234,58.86000061035156,54.028194427490234,9989100
2019-07-05,58.529998779296875,59.52000045776367,58.34000015258789,59.279998779296875,54.41372299194336,13838900
2019-07-08,59.189998626708984,59.66999816894531,59.0099983215332,59.529998779296875,54.643192291259766,16105600
2019-07-09,59.20000076293945,59.630001068115234,59.0099983215332,59.599998474121094,54.70745086669922,14348600
2019-07-10,59.939998626708984,60.5,59.75,60.150001525878906,55.2122917175293,16059100
2019-07-11,60.18000030517578,60.209999084472656,59.400001525878906,59.9900016784668,55.0654182434082,11150200
2019-07-12,60.09000015258789,60.09000015258789,59.29999923706055,59.810001373291016,54.90020751953125,11234300
2019-07-15,59.849998474121094,59.849998474121094,59.25,59.529998779296875,54.643192291259766,10721600
2019-07-16,59.16999816894531,59.47999954223633,58.59000015258789,58.61000061035156,54.016483306884766,9698900
2019-07-17,58.79999923706055,58.95000076293945,57.9900016784668,57.9900016784668,53.4450798034668,9090900
2019-07-18,57.689998626708984,58.13999938964844,57.599998474121094,58.119998931884766,53.56489562988281,11882300
2019-07-19,58.310001373291016,58.529998779296875,57.52000045776367,57.540000915527344,53.03034973144531,11663500
2019-07-22,57.880001068115234,58.08000183105469,57.54999923706055,57.599998474121094,53.08565139770508,8761700
2019-07-23,58.060001373291016,58.13999938964844,57.45000076293945,57.45000076293945,52.9473991394043,8141100
2019-07-24,57.45000076293945,58.220001220703125,57.380001068115234,58.11000061035156,53.555667877197266,10778700
2019-07-25,58.369998931884766,58.630001068115234,58.08000183105469,58.290000915527344,53.72156524658203,8175900
2019-07-26,58.34000015258789,58.650001525878906,58.20000076293945,58.5,53.915103912353516,6057200
2019-07-29,58.790000915527344,58.790000915527344,57.79999923706055,58.060001373291016,53.50959396362305,7439300
2019-07-30,57.7599983215332,58.150001525878906,57.43000030517578,57.4900016784668,52.98427200317383,6367200
2019-07-31,57.880001068115234,57.880001068115234,55.619998931884766,56.29999923706055,51.88752746582031,11966700
2019-08-01,56.29999923706055,56.849998474121094,55.52000045776367,55.880001068115234,51.50046157836914,10215200
2019-08-02,56.189998626708984,56.189998626708984,55.0,55.84000015258789,51.46358871459961,12644400
2019-08-05,55.099998474121094,55.099998474121094,53.689998626708984,53.7599983215332,49.546600341796875,16204600
2019-08-06,54.20000076293945,54.45000076293945,53.61000061035156,53.959999084472656,49.73093032836914,13149500
2019-08-07,53.130001068115234,54.06999969482422,52.970001220703125,53.34000015258789,49.159523010253906,16344100
2019-08-08,53.720001220703125,54.75,53.720001220703125,54.650001525878906,50.366844177246094,12460700
2019-08-09,54.2400016784668,54.470001220703125,53.52000045776367,53.900001525878906,49.675628662109375,8471300
2019-08-12,53.68000030517578,53.790000915527344,53.0,53.25,49.07657241821289,6580100
2019-08-13,53.13999938964844,54.2400016784668,53.0,53.970001220703125,49.74014663696289,11014800
2019-08-14,53.349998474121094,53.369998931884766,52.2400016784668,52.31999969482422,48.21946334838867,12489200
2019-08-15,52.650001525878906,52.720001220703125,51.959999084472656,52.59000015258789,48.468299865722656,11257000
2019-08-16,53.18000030517578,53.70000076293945,53.0099983215332,53.59000015258789,49.38992691040039,9913100
2019-08-19,54.220001220703125,54.369998931884766,53.7599983215332,53.869998931884766,49.64797592163086,8273100
2019-08-20,53.52000045776367,53.84000015258789,52.900001525878906,52.97999954223633,48.82772445678711,7577800
2019-08-21,53.529998779296875,53.93000030517578,53.16999816894531,53.2400016784668,49.06735610961914,6113100
2019-08-22,53.58000183105469,53.720001220703125,52.88999938964844,53.189998626708984,49.02127456665039,6744900
2019-08-23,53.060001373291016,53.31999969482422,51.25,51.58000183105469,47.53745651245117,11374500
2019-08-26,52.13999938964844,52.31999969482422,51.83000183105469,52.130001068115234,48.04434585571289,8582300
2019-08-27,52.439998626708984,52.619998931884766,52.220001220703125,52.38999938964844,48.283973693847656,13853100
2019-08-28,52.20000076293945,52.20000076293945,51.619998931884766,51.95000076293945,47.87846755981445,7499000
2019-08-29,52.650001525878906,52.810001373291016,52.09000015258789,52.15999984741211,48.07200241088867,6858000
2019-08-30,52.5,52.54999923706055,51.75,52.060001373291016,47.97983932495117,7920000
2019-09-03,51.939998626708984,52.0,51.54999923706055,51.88999938964844,47.82316970825195,10128000
2019-09-04,52.349998474121094,53.130001068115234,52.220001220703125,52.970001220703125,48.818511962890625,10558300
2019-09-05,53.72999954223633,54.33000183105469,53.630001068115234,53.84000015258789,49.62034225463867,10414500
2019-09-06,54.099998474121094,54.13999938964844,53.13999938964844,53.15999984741211,48.99362564086914,11636100
2019-09-09,53.619998931884766,54.68000030517578,53.45000076293945,54.540000915527344,50.265472412109375,17803800
2019-09-10,54.540000915527344,55.470001220703125,54.13999938964844,55.470001220703125,51.122589111328125,19976400
2019-09-11,55.27000045776367,56.290000915527344,55.15999984741211,56.290000915527344,51.878318786621094,16749400
2019-09-12,54.34000015258789,54.880001068115234,52.900001525878906,53.88999938964844,49.666412353515625,28184400
2019-09-13,54.0,54.720001220703125,53.33000183105469,53.75,49.537384033203125,14736700
2019-09-16,53.400001525878906,53.56999969482422,52.790000915527344,53.13999938964844,48.97519302368164,15204200
2019-09-17,53.18000030517578,53.20000076293945,52.349998474121094,52.869998931884766,48.726356506347656,11111400
2019-09-18,52.81999969482422,52.84000015258789,51.86000061035156,52.560001373291016,48.440650939941406,8911800
2019-09-19,52.38999938964844,53.66999816894531,52.38999938964844,53.369998931884766,49.18716812133789,14855000
2019-09-20,53.709999084472656,54.25,53.41999816894531,53.470001220703125,49.279335021972656,59517000
2019-09-23,53.16999816894531,54.16999816894531,53.060001373291016,54.02000045776367,49.78622055053711,13863100
2019-09-24,54.13999938964844,54.4900016784668,53.119998931884766,53.349998474121094,49.16873550415039,15354800
2019-09-25,53.310001373291016,53.95000076293945,52.88999938964844,53.84000015258789,49.62034225463867,11607200
2019-09-26,54.11000061035156,54.33000183105469,53.470001220703125,53.959999084472656,49.73093032836914,13324300
2019-09-27,54.189998626708984,54.599998474121094,53.619998931884766,54.09000015258789,49.85074234008789,12391100
2019-09-30,54.25,55.279998779296875,54.04999923706055,55.029998779296875,50.717071533203125,17445100
2019-10-01,55.040000915527344,55.63999938964844,53.75,53.79999923706055,49.58346176147461,16443200
2019-10-02,53.5,53.560001373291016,52.68000030517578,53.150001525878906,48.98442077636719,15923700
2019-10-03,53.060001373291016,53.880001068115234,52.939998626708984,53.86000061035156,49.63876724243164,11268500
2019-10-04,54.0,55.18000030517578,53.84000015258789,55.13999938964844,50.818443298339844,13659500
2019-10-07,55.06999969482422,55.36000061035156,54.75,54.79999923706055,50.505088806152344,12352100
2019-10-08,54.290000915527344,54.709999084472656,53.77000045776367,54.04999923706055,49.81386947631836,14771500
2019-10-09,54.150001525878906,54.9900016784668,54.060001373291016,54.529998779296875,50.48039627075195,12803100
2019-10-10,54.45000076293945,55.599998474121094,54.349998474121094,55.4900016784668,51.369110107421875,13789000
2019-10-11,55.91999816894531,57.33000183105469,55.709999084472656,56.88999938964844,52.66513442993164,18675200
2019-10-14,56.83000183105469,57.209999084472656,56.40999984741211,56.459999084472656,52.26707458496094,11079600
2019-10-15,56.630001068115234,56.81999969482422,56.349998474121094,56.349998474121094,52.16524124145508,9150100
2019-10-16,55.790000915527344,56.0099983215332,55.54999923706055,55.880001068115234,51.73015213012695,8912300
2019-10-17,56.0099983215332,56.2400016784668,54.9900016784668,55.060001373291016,50.971038818359375,9917700
2019-10-18,54.95000076293945,55.2599983215332,54.18000030517578,54.54999923706055,50.4989128112793,12562900
2019-10-21,55.060001373291016,55.29999923706055,54.81999969482422,55.130001068115234,51.03583908081055,8256600
2019-10-22,55.220001220703125,55.43000030517578,54.02000045776367,54.11000061035156,50.09159851074219,7777100
2019-10-23,54.0,54.630001068115234,53.869998931884766,54.130001068115234,50.11011505126953,10491000
2019-10-24,54.470001220703125,54.650001525878906,53.939998626708984,54.2599983215332,50.2304573059082,6449200
2019-10-25,54.040000915527344,54.41999816894531,54.0099983215332,54.16999816894531,50.14714050292969,6307000
2019-10-28,54.349998474121094,54.68000030517578,54.27000045776367,54.63999938964844,50.58223342895508,7280200
2019-10-29,54.720001220703125,55.310001373291016,54.560001373291016,54.79999923706055,50.73035430908203,8333900
2019-10-30,55.18000030517578,55.18000030517578,54.45000076293945,54.849998474121094,50.776641845703125,6284900
2019-10-31,54.720001220703125,54.849998474121094,54.2400016784668,54.4900016784668,50.44337463378906,8260600
2019-11-01,54.810001373291016,55.150001525878906,54.54999923706055,55.0,50.91550064086914,7313600
2019-11-04,55.2599983215332,55.75,55.2599983215332,55.45000076293945,51.33207702636719,8757000
2019-11-05,55.7599983215332,55.84000015258789,55.5099983215332,55.66999816894531,51.53573226928711,10759300
2019-11-06,55.709999084472656,55.88999938964844,55.599998474121094,55.70000076293945,51.56352615356445,10572100
2019-11-07,55.959999084472656,56.630001068115234,55.86000061035156,55.97999954223633,51.822715759277344,9677700
2019-11-08,55.97999954223633,56.4900016784668,55.77000045776367,56.4900016784668,52.29484939575195,5869600
2019-11-11,56.20000076293945,56.61000061035156,56.18000030517578,56.43000030517578,52.23929977416992,5018000
2019-11-12,56.529998779296875,56.849998474121094,56.41999816894531,56.59000015258789,52.387413024902344,6184900
2019-11-13,56.209999084472656,56.560001373291016,56.16999816894531,56.209999084472656,52.0356330871582,6802300
2019-11-14,55.810001373291016,56.33000183105469,55.63999938964844,56.09000015258789,51.9245491027832,9056100
2019-11-15,56.400001525878906,56.560001373291016,56.27000045776367,56.41999816894531,52.23005294799805,7216900
2019-11-18,56.560001373291016,56.560001373291016,55.959999084472656,56.189998626708984,52.017120361328125,6923300
2019-11-19,56.470001220703125,56.95000076293945,56.2599983215332,56.27000045776367,52.09117889404297,7199500
2019-11-20,56.220001220703125,56.619998931884766,55.810001373291016,56.2400016784668,52.063411712646484,9117000
2019-11-21,56.220001220703125,56.59000015258789,56.119998931884766,56.22999954223633,52.05415725708008,8067100
2019-11-22,56.41999816894531,57.060001373291016,56.25,56.38999938964844,52.202266693115234,6346900
2019-11-25,56.459999084472656,56.68000030517578,56.279998779296875,56.560001373291016,52.359657287597656,7977700
2019-11-26,56.75,56.86000061035156,56.41999816894531,56.5099983215332,52.31336975097656,12076900
2019-11-27,56.900001525878906,56.90999984741211,56.380001068115234,56.61000061035156,52.40592575073242,5790000
2019-11-29,56.33000183105469,56.4900016784668,56.09000015258789,56.13999938964844,51.9708366394043,6479400
2019-12-02,56.22999954223633,56.459999084472656,55.380001068115234,55.43000030517578,51.31357192993164,14314000
2019-12-03,54.619998931884766,54.9900016784668,54.459999084472656,54.59000015258789,50.535953521728516,11963700
2019-12-04,54.900001525878906,54.900001525878906,54.18000030517578,54.40999984741211,50.36930847167969,11436800
2019-12-05,54.5,54.83000183105469,54.29999923706055,54.68000030517578,50.619258880615234,10557400
2019-12-06,55.029998779296875,55.130001068115234,54.61000061035156,54.83000183105469,50.75812530517578,9088600
2019-12-09,54.84000015258789,55.47999954223633,54.7599983215332,55.310001373291016,51.20248031616211,11996700
2019-12-10,55.400001525878906,55.90999984741211,55.22999954223633,55.81999969482422,51.674598693847656,10719700
2019-12-11,55.79999923706055,56.5,55.650001525878906,56.310001373291016,52.12822341918945,12159600
2019-12-12,56.29999923706055,56.65999984741211,55.7599983215332,56.470001220703125,52.276329040527344,15413200
2019-12-13,55.0,55.400001525878906,54.41999816894531,54.5099983215332,50.46188735961914,21427700
2019-12-16,54.599998474121094,54.97999954223633,53.70000076293945,53.9900016784668,49.98050308227539,19951000
2019-12-17,53.88999938964844,54.060001373291016,52.83000183105469,52.84000015258789,48.91590881347656,19778400
2019-12-18,53.060001373291016,53.61000061035156,52.95000076293945,53.38999938964844,49.4250602722168,14123100
2019-12-19,53.29999923706055,53.599998474121094,53.040000915527344,53.2400016784668,49.28620147705078,11910100
2019-12-20,53.90999984741211,53.95000076293945,53.349998474121094,53.599998474121094,49.61946487426758,27423700
2019-12-23,53.650001525878906,54.06999969482422,53.61000061035156,53.709999084472656,49.72129821777344,10591500
2019-12-24,53.779998779296875,53.959999084472656,53.36000061035156,53.439998626708984,49.471351623535156,3331700
2019-12-26,53.45000076293945,53.65999984741211,53.279998779296875,53.56999969482422,49.591678619384766,6702000
2019-12-27,53.65999984741211,53.79999923706055,53.34000015258789,53.459999084472656,49.489871978759766,7262000
2019-12-30,53.400001525878906,53.4900016784668,52.619998931884766,52.70000076293945,48.786312103271484,5936100
2019-12-31,52.56999969482422,53.0,52.54999923706055,52.97999954223633,49.045509338378906,7094500
2020-01-02,53.27000045776367,53.959999084472656,53.22999954223633,53.95000076293945,49.94347381591797,13899600
2020-01-03,52.9900016784668,54.04999923706055,52.95000076293945,53.7599983215332,49.76758575439453,11026700
2020-01-06,53.36000061035156,54.20000076293945,53.349998474121094,54.040000915527344,50.02679443359375,10982400
2020-01-07,53.88999938964844,54.33000183105469,53.61000061035156,54.15999984741211,50.13787841796875,12015400
2020-01-08,53.939998626708984,54.599998474121094,53.70000076293945,54.130001068115234,50.33315658569336,11856700
2020-01-09,54.25,54.79999923706055,54.029998779296875,54.380001068115234,50.56561279296875,10671000
2020-01-10,54.54999923706055,54.650001525878906,54.220001220703125,54.45000076293945,50.630699157714844,9734800
2020-01-13,54.459999084472656,54.790000915527344,54.36000061035156,54.58000183105469,50.75157928466797,10858900
2020-01-14,54.52000045776367,55.18000030517578,54.5,54.880001068115234,51.03054428100586,12627200
2020-01-15,54.880001068115234,55.18000030517578,54.68000030517578,54.7599983215332,50.91895294189453,9090800
2020-01-16,54.97999954223633,55.45000076293945,54.93000030517578,55.43000030517578,51.541961669921875,9866000
2020-01-17,55.630001068115234,55.689998626708984,54.849998474121094,55.130001068115234,51.263004302978516,11166600
2020-01-21,54.97999954223633,55.36000061035156,54.91999816894531,55.220001220703125,51.34669876098633,8773000
2020-01-22,55.40999984741211,55.650001525878906,54.599998474121094,54.720001220703125,50.88176345825195,6380500
2020-01-23,54.40999984741211,55.0,54.279998779296875,54.97999954223633,51.12351989746094,6583200
2020-01-24,55.060001373291016,55.20000076293945,53.880001068115234,54.06999969482422,50.2773551940918,6426000
2020-01-27,53.18000030517578,53.52000045776367,52.630001068115234,52.689998626708984,48.9941520690918,8259100
2020-01-28,52.86000061035156,53.68000030517578,52.65999984741211,53.459999084472656,49.71014404296875,8620300
2020-01-29,53.779998779296875,53.939998626708984,53.18000030517578,53.20000076293945,49.46839141845703,6332500
2020-01-30,52.81999969482422,53.33000183105469,52.279998779296875,53.310001373291016,49.57067108154297,7176200
2020-01-31,53.34000015258789,53.4900016784668,52.290000915527344,52.45000076293945,48.77099609375,8884700
2020-02-03,52.72999954223633,53.40999984741211,52.689998626708984,53.09000015258789,49.36609649658203,8892500
2020-02-04,53.75,54.560001373291016,53.75,54.040000915527344,50.24945831298828,9769800
2020-02-05,54.66999816894531,55.029998779296875,54.58000183105469,54.7400016784668,50.900367736816406,9612900
2020-02-06,55.0,55.349998474121094,54.709999084472656,54.709999084472656,50.872467041015625,8832000
2020-02-07,54.27000045776367,54.970001220703125,54.189998626708984,54.720001220703125,50.88176345825195,7864800
2020-02-10,54.720001220703125,55.06999969482422,54.45000076293945,54.9900016784668,51.1328239440918,7198200
2020-02-11,55.16999816894531,55.540000915527344,55.11000061035156,55.150001525878906,51.28160858154297,8466600
2020-02-12,55.54999923706055,55.88999938964844,55.25,55.72999954223633,51.82091522216797,7541100
2020-02-13,55.310001373291016,55.63999938964844,55.0099983215332,55.310001373291016,51.43037796020508,8480100
2020-02-14,55.380001068115234,55.84000015258789,55.2400016784668,55.470001220703125,51.57916259765625,7496800
2020-02-18,55.41999816894531,55.7599983215332,55.099998474121094,55.45000076293945,51.5605583190918,7185700
2020-02-19,55.59000015258789,55.77000045776367,55.38999938964844,55.439998626708984,51.5512580871582,6819200
2020-02-20,55.400001525878906,55.869998931884766,54.880001068115234,55.5099983215332,51.6163444519043,6114600
2020-02-21,55.08000183105469,55.34000015258789,54.439998626708984,54.68000030517578,50.84457015991211,9078600
2020-02-24,53.099998474121094,53.529998779296875,52.5099983215332,52.650001525878906,48.956966400146484,10992500
2020-02-25,53.06999969482422,53.220001220703125,50.79999923706055,50.959999084472656,47.3855094909668,12202600
2020-02-26,51.310001373291016,53.13999938964844,51.2400016784668,52.04999923706055,48.3990478515625,16413100
2020-02-27,50.880001068115234,53.459999084472656,50.7599983215332,50.779998779296875,47.2181282043457,16161100
2020-02-28,49.2400016784668,49.88999938964844,47.900001525878906,49.459999084472656,45.99072265625,24426000
2020-03-02,49.72999954223633,50.900001525878906,48.66999816894531,50.900001525878906,47.329715728759766,17328500
2020-03-03,50.619998931884766,51.84000015258789,48.25,48.849998474121094,45.42350387573242,21830500
2020-03-04,49.849998474121094,50.59000015258789,48.83000183105469,50.540000915527344,46.994972229003906,14813700
2020-03-05,49.22999954223633,49.68000030517578,47.75,48.0,44.633121490478516,15843000
2020-03-06,46.56999969482422,48.29999923706055,46.459999084472656,47.369998931884766,44.047325134277344,24581400
2020-03-09,44.95000076293945,47.56999969482422,44.65999984741211,46.0099983215332,42.782711029052734,25949300
2020-03-10,47.45000076293945,48.90999984741211,46.15999984741211,48.58000183105469,45.172454833984375,27067700
2020-03-11,46.810001373291016,47.47999954223633,44.27000045776367,44.720001220703125,41.58320236206055,24139200
2020-03-12,41.119998931884766,43.400001525878906,39.709999084472656,39.79999923706055,37.00830841064453,24123800
2020-03-13,44.45000076293945,47.9900016784668,43.41999816894531,47.93000030517578,44.56804656982422,28339400
2020-03-16,42.5099983215332,47.56999969482422,41.2599983215332,42.720001220703125,39.723487854003906,27493700
2020-03-17,43.619998931884766,47.709999084472656,41.65999984741211,46.86000061035156,43.573097229003906,25588900
2020-03-18,43.66999816894531,47.79999923706055,42.560001373291016,47.27000045776367,43.95432662963867,29557000
2020-03-19,46.470001220703125,47.970001220703125,44.869998931884766,45.06999969482422,41.90864181518555,20159100
2020-03-20,45.02000045776367,46.70000076293945,44.5099983215332,45.650001525878906,42.447967529296875,26340800
2020-03-23,45.0,46.4900016784668,43.88999938964844,44.189998626708984,41.09037399291992,23063700
2020-03-24,45.33000183105469,48.0099983215332,45.29999923706055,47.84000015258789,44.484352111816406,19323700
2020-03-25,47.099998474121094,48.7400016784668,45.47999954223633,45.939998626708984,42.71761703491211,25625800
2020-03-26,46.380001068115234,50.7400016784668,46.189998626708984,50.47999954223633,46.939170837402344,22417900
2020-03-27,49.09000015258789,51.599998474121094,48.560001373291016,49.83000183105469,46.33477020263672,20025300
2020-03-30,50.400001525878906,51.59000015258789,49.59000015258789,50.36000061035156,46.82759094238281,20611900
2020-03-31,51.119998931884766,51.18000030517578,48.0,48.33000183105469,44.93998336791992,15802000
2020-04-01,46.54999923706055,48.9900016784668,46.040000915527344,48.709999084472656,45.29332733154297,17918200
2020-04-02,48.18000030517578,49.88999938964844,48.099998474121094,49.79999923706055,46.3068733215332,16434400
2020-04-03,49.29999923706055,50.04999923706055,48.95000076293945,49.400001525878906,45.9349250793457,13362500
2020-04-06,50.400001525878906,51.880001068115234,50.349998474121094,51.4900016784668,47.878334045410156,13845800
2020-04-07,52.150001525878906,52.33000183105469,50.709999084472656,50.7599983215332,47.19953155517578,14063000
2020-04-08,50.97999954223633,52.68000030517578,50.880001068115234,52.130001068115234,48.70370864868164,15710700
2020-04-09,52.2400016784668,53.619998931884766,52.029998779296875,53.18000030517578,49.6847038269043,15521200
2020-04-13,52.70000076293945,53.13999938964844,52.400001525878906,52.970001220703125,49.48849868774414,12694800
2020-04-14,53.709999084472656,54.099998474121094,53.45000076293945,54.0,50.450801849365234,11674600
2020-04-15,53.209999084472656,53.45000076293945,52.810001373291016,53.15999984741211,49.666019439697266,10398100
2020-04-16,53.150001525878906,53.869998931884766,53.06999969482422,53.70000076293945,50.170528411865234,14098300
2020-04-17,54.52000045776367,54.720001220703125,53.970001220703125,54.619998931884766,51.030059814453125,13608800
2020-04-20,54.04999923706055,54.58000183105469,53.79999923706055,53.90999984741211,50.36671829223633,10358900
2020-04-21,53.22999954223633,53.34000015258789,51.119998931884766,51.310001373291016,47.93760681152344,14111700
2020-04-22,52.029998779296875,52.58000183105469,51.77000045776367,52.27000045776367,48.83451461791992,9668300
2020-04-23,52.22999954223633,52.9900016784668,51.45000076293945,51.970001220703125,48.554237365722656,10330200
2020-04-24,52.40999984741211,53.04999923706055,51.959999084472656,53.0099983215332,49.525875091552734,9403500
2020-04-27,53.36000061035156,53.63999938964844,53.060001373291016,53.369998931884766,49.862213134765625,9123200
2020-04-28,53.900001525878906,54.150001525878906,53.130001068115234,53.20000076293945,49.703392028808594,8350500
2020-04-29,53.95000076293945,54.279998779296875,53.689998626708984,53.880001068115234,50.33869552612305,9064100
2020-04-30,53.470001220703125,53.599998474121094,52.79999923706055,52.970001220703125,49.48849868774414,11808800
2020-05-01,52.380001068115234,52.439998626708984,51.310001373291016,51.790000915527344,48.38605880737305,8702400
2020-05-04,51.709999084472656,51.790000915527344,51.099998474121094,51.75,48.348697662353516,7567900
2020-05-05,52.220001220703125,52.86000061035156,51.9900016784668,52.04999923706055,48.62897872924805,7271800
2020-05-06,52.43000030517578,52.5,51.70000076293945,51.86000061035156,48.45145034790039,7050000
2020-05-07,52.400001525878906,52.91999816894531,52.27000045776367,52.599998474121094,49.14282989501953,7154700
2020-05-08,53.189998626708984,53.779998779296875,52.77000045776367,53.56999969482422,50.0490608215332,8130800
2020-05-11,53.130001068115234,53.83000183105469,53.060001373291016,53.529998779296875,50.0117073059082,8138600
2020-05-12,53.79999923706055,53.83000183105469,52.25,52.27000045776367,48.83451461791992,8598800
2020-05-13,52.43000030517578,52.4900016784668,51.279998779296875,51.650001525878906,48.2552604675293,10274300
2020-05-14,51.13999938964844,53.029998779296875,50.86000061035156,52.90999984741211,49.43244934082031,13794000
2020-05-15,52.70000076293945,53.9900016784668,52.52000045776367,52.91999816894531,49.44178771972656,39055700
2020-05-18,53.90999984741211,53.95000076293945,53.06999969482422,53.150001525878906,49.656673431396484,9901900
2020-05-19,53.18000030517578,53.25,52.31999969482422,52.34000015258789,48.8999137878418,9805100
2020-05-20,53.09000015258789,53.27000045776367,52.650001525878906,52.900001525878906,49.42311096191406,9115900
2020-05-21,52.7599983215332,52.939998626708984,52.119998931884766,52.220001220703125,48.78779220581055,7464000
2020-05-22,52.34000015258789,52.63999938964844,52.08000183105469,52.619998931884766,49.16150665283203,7211700
2020-05-26,53.650001525878906,53.68000030517578,52.650001525878906,52.779998779296875,49.310997009277344,11200600
2020-05-27,53.0,53.25,52.56999969482422,53.20000076293945,49.703392028808594,9228100
2020-05-28,53.7599983215332,54.150001525878906,53.220001220703125,53.619998931884766,50.09577178955078,9465400
2020-05-29,53.619998931884766,53.939998626708984,52.9900016784668,53.77000045776367,50.23591995239258,14734800
2020-06-01,53.279998779296875,53.38999938964844,52.790000915527344,53.060001373291016,49.57258987426758,7363200
2020-06-02,53.2400016784668,53.290000915527344,52.63999938964844,53.279998779296875,49.77812957763672,8756300
2020-06-03,53.33000183105469,53.619998931884766,52.9900016784668,53.4900016784668,49.974327087402344,9188700
2020-06-04,53.22999954223633,53.689998626708984,52.630001068115234,52.849998474121094,49.37639617919922,9696000
2020-06-05,53.09000015258789,54.27000045776367,52.7400016784668,53.97999954223633,50.43212127685547,12210100
2020-06-08,53.349998474121094,55.119998931884766,53.279998779296875,55.099998474121094,51.47850799560547,11519500
2020-06-09,55.0,55.060001373291016,53.880001068115234,54.18000030517578,50.61897659301758,8852500
2020-06-10,54.5,54.65999984741211,53.900001525878906,54.11000061035156,50.55358123779297,7436700
2020-06-11,53.25,53.560001373291016,51.22999954223633,51.310001373291016,47.93760681152344,12805700
2020-06-12,52.45000076293945,53.0,50.97999954223633,51.86000061035156,48.45145034790039,11537200
2020-06-15,50.959999084472656,53.43000030517578,50.90999984741211,53.25,49.75009536743164,16038100
2020-06-16,54.459999084472656,55.0,53.779998779296875,54.59000015258789,51.00203323364258,19380200
2020-06-17,53.029998779296875,53.7400016784668,51.5,51.52000045776367,48.13380813598633,28692600
2020-06-18,51.599998474121094,54.0,51.31999969482422,53.689998626708984,50.16118240356445,19259500
2020-06-19,54.209999084472656,54.459999084472656,52.97999954223633,54.400001525878906,50.82451629638672,33051200
2020-06-22,54.09000015258789,55.38999938964844,53.880001068115234,55.119998931884766,51.49718475341797,16705900
2020-06-23,55.29999923706055,55.970001220703125,55.130001068115234,55.189998626708984,51.56258773803711,18695000
2020-06-24,55.119998931884766,55.68000030517578,54.33000183105469,54.439998626708984,50.86188507080078,18287400
2020-06-25,54.400001525878906,54.59000015258789,53.540000915527344,54.529998779296875,50.94596862792969,16008700
2020-06-26,54.349998474121094,54.59000015258789,53.630001068115234,54.18000030517578,50.61897659301758,17969400
2020-06-29,54.22999954223633,54.959999084472656,53.849998474121094,54.7599983215332,51.16085433959961,14366900
2020-06-30,54.79999923706055,55.439998626708984,54.5,55.27000045776367,51.637332916259766,18885900
2020-07-01,54.689998626708984,55.880001068115234,54.68000030517578,55.4900016784668,51.84288024902344,17856800
2020-07-02,55.790000915527344,56.43000030517578,55.650001525878906,55.939998626708984,52.263301849365234,15478900
2020-07-06,56.20000076293945,56.83000183105469,56.15999984741211,56.599998474121094,52.879913330078125,15309700
2020-07-07,56.349998474121094,56.95000076293945,56.220001220703125,56.310001373291016,52.608978271484375,13232100
2020-07-08,56.630001068115234,56.68000030517578,55.9900016784668,56.65999984741211,52.935970306396484,12582200
2020-07-09,56.9900016784668,57.79999923706055,56.81999969482422,57.529998779296875,53.74878692626953,15692600
2020-07-10,57.470001220703125,57.52000045776367,56.689998626708984,57.38999938964844,53.61799621582031,12615800
2020-07-13,57.400001525878906,57.84000015258789,56.970001220703125,57.0099983215332,53.262969970703125,15965600
2020-07-14,56.66999816894531,57.290000915527344,56.47999954223633,57.20000076293945,53.66640853881836,15510300
2020-07-15,57.41999816894531,57.84000015258789,56.380001068115234,56.619998931884766,53.12223434448242,10570800
2020-07-16,56.41999816894531,56.4900016784668,55.58000183105469,55.81999969482422,52.371665954589844,8779300
2020-07-17,56.08000183105469,56.119998931884766,54.7599983215332,54.900001525878906,51.50849151611328,14344800
2020-07-20,54.880001068115234,55.52000045776367,54.689998626708984,55.400001525878906,51.97760772705078,11469300
2020-07-21,55.79999923706055,56.34000015258789,55.58000183105469,55.90999984741211,52.45609664916992,11875100
2020-07-22,55.70000076293945,56.18000030517578,55.70000076293945,56.0099983215332,52.549922943115234,13842400
2020-07-23,56.0,56.36000061035156,55.599998474121094,55.7599983215332,52.31536865234375,12576000
2020-07-24,55.470001220703125,56.040000915527344,55.2599983215332,55.650001525878906,52.21216583251953,8939700
2020-07-27,55.65999984741211,55.95000076293945,55.31999969482422,55.34000015258789,51.92131423950195,10319600
2020-07-28,55.25,55.7400016784668,55.20000076293945,55.349998474121094,51.930694580078125,13030100
2020-07-29,55.560001373291016,55.900001525878906,55.349998474121094,55.70000076293945,52.25907516479492,7242700
2020-07-30,55.0,55.47999954223633,54.88999938964844,55.25,51.83686065673828,7633200
2020-07-31,55.0,55.470001220703125,54.33000183105469,55.45000076293945,52.02451705932617,9355800
2020-08-03,55.779998779296875,56.09000015258789,55.4900016784668,55.97999954223633,52.52178192138672,9164900
2020-08-04,55.779998779296875,56.0099983215332,55.529998779296875,56.0,52.54054260253906,6364300
2020-08-05,56.31999969482422,56.31999969482422,55.380001068115234,55.5,52.07143020629883,6629000
2020-08-06,55.4900016784668,55.599998474121094,54.939998626708984,55.279998779296875,51.865020751953125,8169600
2020-08-07,55.0099983215332,55.2400016784668,54.7599983215332,55.22999954223633,51.81810760498047,8772300
2020-08-10,55.2400016784668,55.619998931884766,54.880001068115234,54.939998626708984,51.546024322509766,10046900
2020-08-11,55.2400016784668,55.459999084472656,54.13999938964844,54.27000045776367,50.91742706298828,8075100
2020-08-12,54.52000045776367,54.70000076293945,53.970001220703125,54.16999816894531,50.823585510253906,9068200
2020-08-13,53.90999984741211,54.20000076293945,53.68000030517578,54.02000045776367,50.682857513427734,8260300
2020-08-14,54.029998779296875,54.560001373291016,53.77000045776367,54.20000076293945,50.85173797607422,5454400
2020-08-17,54.20000076293945,54.38999938964844,53.65999984741211,53.9900016784668,50.65470886230469,9523700
2020-08-18,55.619998931884766,56.93000030517578,54.869998931884766,55.18000030517578,51.77119445800781,21102600
2020-08-19,55.58000183105469,56.79999923706055,55.459999084472656,56.20000076293945,52.728187561035156,16751500
2020-08-20,55.59000015258789,55.810001373291016,55.09000015258789,55.2599983215332,51.84626007080078,10974800
2020-08-21,55.380001068115234,55.45000076293945,54.72999954223633,55.189998626708984,51.78057861328125,9552000
2020-08-24,55.7599983215332,56.11000061035156,55.439998626708984,56.0099983215332,52.549922943115234,7892100
2020-08-25,56.150001525878906,56.75,56.02000045776367,56.09000015258789,52.6249885559082,7427000
2020-08-26,56.34000015258789,57.4900016784668,56.060001373291016,57.4900016784668,53.938499450683594,11597600
2020-08-27,57.45000076293945,58.45000076293945,56.58000183105469,57.18000030517578,53.647640228271484,15834700
2020-08-28,57.33000183105469,58.15999984741211,57.209999084472656,57.880001068115234,54.30440139770508,8613800
2020-08-31,57.130001068115234,57.7599983215332,57.040000915527344,57.220001220703125,53.685176849365234,18683500
2020-09-01,57.369998931884766,58.0099983215332,57.08000183105469,57.65999984741211,54.09799575805664,10169500
2020-09-02,57.720001220703125,59.31999969482422,57.720001220703125,59.029998779296875,55.383358001708984,14342800
2020-09-03,58.720001220703125,58.9900016784668,56.650001525878906,57.099998474121094,53.57258605957031,15387400
2020-09-04,56.880001068115234,57.27000045776367,55.15999984741211,55.72999954223633,52.28721618652344,14697200
2020-09-08,55.349998474121094,55.790000915527344,54.869998931884766,55.31999969482422,51.90255355834961,16472800
2020-09-09,56.15999984741211,57.400001525878906,55.86000061035156,56.95000076293945,53.431854248046875,13993200
2020-09-10,57.439998626708984,58.18000030517578,56.75,57.33000183105469,53.78837585449219,20500900
2020-09-11,60.709999084472656,61.86000061035156,56.869998931884766,57.0,53.47876739501953,40220600
2020-09-14,60.86000061035156,61.5,59.349998474121094,59.459999084472656,55.78679656982422,50107400
2020-09-15,60.0099983215332,61.68000030517578,59.38999938964844,60.939998626708984,57.17536926269531,30385600
2020-09-16,61.119998931884766,61.38999938964844,59.650001525878906,60.43000030517578,56.696868896484375,21223300
2020-09-17,59.41999816894531,60.61000061035156,59.0,60.18000030517578,56.462310791015625,22831200
2020-09-18,59.97999954223633,60.290000915527344,59.43000030517578,59.75,56.05888748168945,49311700
2020-09-21,62.459999084472656,62.599998474121094,60.029998779296875,60.81999969482422,57.062782287597656,32560400
2020-09-22,60.380001068115234,60.75,59.459999084472656,60.619998931884766,56.87513732910156,13306000
2020-09-23,60.11000061035156,60.4900016784668,58.900001525878906,58.959999084472656,55.31768035888672,15513500
2020-09-24,58.7400016784668,59.900001525878906,58.290000915527344,59.29999923706055,55.63667678833008,9560500
2020-09-25,59.27000045776367,59.9900016784668,58.959999084472656,59.79999923706055,56.10578918457031,9371900
2020-09-28,60.029998779296875,60.540000915527344,59.470001220703125,59.58000183105469,55.899383544921875,9356300
2020-09-29,59.58000183105469,60.15999984741211,59.400001525878906,59.470001220703125,55.79617691040039,6340600
2020-09-30,59.52000045776367,60.38999938964844,59.369998931884766,59.70000076293945,56.011966705322266,11001500
2020-10-01,60.16999816894531,60.27000045776367,59.45000076293945,59.68000030517578,55.99319839477539,7357700
2020-10-02,58.709999084472656,59.52000045776367,58.5099983215332,58.83000183105469,55.19572067260742,7329800
2020-10-05,59.439998626708984,59.66999816894531,59.09000015258789,59.560001373291016,55.88062286376953,6899200
2020-10-06,59.5099983215332,60.529998779296875,59.40999984741211,59.5099983215332,55.83370590209961,9743600
2020-10-07,59.77000045776367,60.900001525878906,59.63999938964844,60.59000015258789,57.07717514038086,8690900
2020-10-08,60.790000915527344,61.29999923706055,60.630001068115234,60.88999938964844,57.35978317260742,7202800
2020-10-09,61.150001525878906,61.380001068115234,60.86000061035156,61.150001525878906,57.60471725463867,7355700
2020-10-12,61.2400016784668,61.83000183105469,61.06999969482422,61.459999084472656,57.89673614501953,8275000
2020-10-13,61.56999969482422,61.779998779296875,60.880001068115234,60.970001220703125,57.43514633178711,8896300
2020-10-14,61.349998474121094,61.529998779296875,60.849998474121094,60.959999084472656,57.42572784423828,6651100
2020-10-15,60.27000045776367,60.7400016784668,60.08000183105469,60.52000045776367,57.0112419128418,6251600
2020-10-16,60.709999084472656,61.11000061035156,60.2599983215332,60.290000915527344,56.79457092285156,6070800
2020-10-19,60.38999938964844,60.75,59.38999938964844,59.619998931884766,56.16341018676758,8311000
2020-10-20,59.91999816894531,60.33000183105469,59.630001068115234,59.75,56.2858772277832,9241200
2020-10-21,59.34000015258789,60.119998931884766,59.220001220703125,59.66999816894531,56.21051025390625,10114900
2020-10-22,59.439998626708984,59.869998931884766,58.689998626708984,59.689998626708984,56.22935485839844,11900600
2020-10-23,59.900001525878906,60.15999984741211,59.709999084472656,59.900001525878906,56.427181243896484,9739300
2020-10-26,58.099998474121094,58.47999954223633,56.529998779296875,57.4900016784668,54.15691375732422,18876900
2020-10-27,57.63999938964844,57.97999954223633,57.02000045776367,57.08000183105469,53.77068328857422,10806500
2020-10-28,56.27000045776367,56.599998474121094,55.529998779296875,55.59000015258789,52.367061614990234,13910600
2020-10-29,55.20000076293945,56.7599983215332,55.13999938964844,56.02000045776367,52.77212905883789,13573700
2020-10-30,55.75,56.63999938964844,55.45000076293945,56.11000061035156,52.85691452026367,12602300
2020-11-02,56.439998626708984,57.470001220703125,56.119998931884766,56.45000076293945,53.17720031738281,11413200
2020-11-03,57.0,57.5,56.56999969482422,56.79999923706055,53.50690841674805,8911200
2020-11-04,58.0,58.09000015258789,56.349998474121094,56.4900016784668,53.21488952636719,12054900
2020-11-05,57.459999084472656,57.650001525878906,56.41999816894531,56.65999984741211,53.375030517578125,9017100
2020-11-06,56.77000045776367,56.97999954223633,56.150001525878906,56.79999923706055,53.50690841674805,7510400
2020-11-09,58.189998626708984,59.08000183105469,56.77000045776367,56.84000015258789,53.544586181640625,11486600
2020-11-10,56.90999984741211,57.2400016784668,56.20000076293945,56.66999816894531,53.384437561035156,9015900
2020-11-11,57.060001373291016,57.630001068115234,56.79999923706055,57.20000076293945,53.88372039794922,7724400
2020-11-12,57.2599983215332,57.4900016784668,56.099998474121094,56.45000076293945,53.17720031738281,7324000
2020-11-13,56.880001068115234,57.09000015258789,56.54999923706055,56.90999984741211,53.610538482666016,5870300
2020-11-16,57.02000045776367,57.61000061035156,56.880001068115234,57.150001525878906,53.836612701416016,6309200
2020-11-17,57.0,57.38999938964844,56.810001373291016,57.119998931884766,53.8083610534668,5569700
2020-11-18,57.119998931884766,57.290000915527344,56.2400016784668,56.25,52.98878860473633,8998800
2020-11-19,56.09000015258789,56.47999954223633,55.560001373291016,56.45000076293945,53.17720031738281,9643100
2020-11-20,56.36000061035156,56.439998626708984,55.68000030517578,55.70000076293945,52.47068786621094,8395800
2020-11-23,55.849998474121094,56.56999969482422,55.77000045776367,56.08000183105469,52.82865905761719,8235900
2020-11-24,56.599998474121094,57.900001525878906,56.36000061035156,57.56999969482422,54.23226547241211,10427200
2020-11-25,57.720001220703125,57.7599983215332,57.2599983215332,57.40999984741211,54.081539154052734,6848900
2020-11-27,57.400001525878906,57.869998931884766,57.150001525878906,57.7599983215332,54.411251068115234,5627000
2020-11-30,57.61000061035156,58.20000076293945,57.20000076293945,57.720001220703125,54.37357711791992,26676900
2020-12-01,58.20000076293945,59.279998779296875,58.0099983215332,58.7400016784668,55.33443832397461,11855300
2020-12-02,58.290000915527344,59.27000045776367,58.13999938964844,59.08000183105469,55.65472412109375,9330400
2020-12-03,59.220001220703125,59.97999954223633,59.060001373291016,59.27000045776367,55.83370590209961,9783900
2020-12-04,59.310001373291016,60.54999923706055,59.27000045776367,59.959999084472656,56.48370361328125,10872700
2020-12-07,59.959999084472656,60.20000076293945,59.630001068115234,59.79999923706055,56.33297348022461,14922900
2020-12-08,58.9900016784668,59.709999084472656,58.220001220703125,59.029998779296875,55.60761642456055,15237800
2020-12-09,58.88999938964844,59.90999984741211,58.79999923706055,59.72999954223633,56.26704025268555,12204100
2020-12-10,59.5099983215332,59.810001373291016,59.040000915527344,59.47999954223633,56.031524658203125,14219900
2020-12-11,60.939998626708984,61.0,59.41999816894531,60.61000061035156,57.09601974487305,16209900
2020-12-14,60.83000183105469,61.65999984741211,60.689998626708984,60.7599983215332,57.23731994628906,16193600
2020-12-15,61.09000015258789,62.189998626708984,60.900001525878906,61.86000061035156,58.27355194091797,15506700
2020-12-16,61.869998931884766,63.189998626708984,61.849998474121094,62.779998779296875,59.14020919799805,16119900
2020-12-17,62.9900016784668,64.05000305175781,62.72999954223633,63.61000061035156,59.92208480834961,15320500
2020-12-18,63.47999954223633,65.33000183105469,63.43000030517578,65.05999755859375,61.28801727294922,33728700
2020-12-21,63.88999938964844,65.19000244140625,63.880001068115234,64.4800033569336,60.74165725708008,18210200
2020-12-22,64.55999755859375,66.0,64.43000030517578,65.1500015258789,61.37279510498047,17136000
2020-12-23,65.26000213623047,66.19999694824219,65.1500015258789,65.30000305175781,61.51411437988281,13075200
2020-12-24,65.05000305175781,65.58999633789062,64.77999877929688,64.95999908447266,61.19381332397461,3796500
2020-12-28,65.41000366210938,65.69000244140625,64.75,64.87000274658203,61.10903549194336,6463500
2020-12-29,65.25,65.2699966430664,64.22000122070312,64.45999908447266,60.72280502319336,7770200
2020-12-30,64.80000305175781,64.91000366210938,64.3499984741211,64.4000015258789,60.66628646850586,6192000
2020-12-31,64.33999633789062,64.7699966430664,64.01000213623047,64.69000244140625,60.93947219848633,6928600
2021-01-04,64.69000244140625,64.69999694824219,63.16999816894531,63.75,60.05397033691406,11249900
2021-01-05,63.68000030517578,63.790000915527344,62.47999954223633,62.959999084472656,59.30977249145508,11005700
2021-01-06,62.27000045776367,63.349998474121094,61.90999984741211,62.56999969482422,59.16792297363281,8685400
2021-01-07,62.849998474121094,63.7400016784668,62.849998474121094,63.06999969482422,59.640743255615234,7382800
2021-01-08,63.18000030517578,63.540000915527344,62.90999984741211,63.380001068115234,59.93388748168945,7751700
2021-01-11,62.95000076293945,63.56999969482422,62.84000015258789,63.029998779296875,59.602909088134766,6284700
2021-01-12,63.0,63.02000045776367,62.18000030517578,62.41999816894531,59.02607345581055,7758200
2021-01-13,62.31999969482422,62.59000015258789,61.970001220703125,62.060001373291016,58.68566131591797,8298000
2021-01-14,62.06999969482422,62.16999816894531,61.5099983215332,61.599998474121094,58.250675201416016,10258600
2021-01-15,61.599998474121094,62.0,61.209999084472656,61.779998779296875,58.42087936401367,7532600
2021-01-19,62.099998474121094,62.290000915527344,61.099998474121094,61.290000915527344,57.95751953125,8903400
2021-01-20,61.369998931884766,62.029998779296875,61.150001525878906,61.560001373291016,58.21284866333008,7025000
2021-01-21,61.650001525878906,61.849998474121094,60.91999816894531,61.209999084472656,57.88187789916992,6943600
2021-01-22,60.939998626708984,61.150001525878906,59.7400016784668,60.36000061035156,57.07809066772461,9896700
2021-01-25,60.380001068115234,60.95000076293945,59.77000045776367,60.900001525878906,57.58872985839844,8524700
2021-01-26,61.060001373291016,62.040000915527344,60.84000015258789,61.79999923706055,58.439788818359375,8186500
2021-01-27,61.400001525878906,63.18000030517578,61.369998931884766,62.54999923706055,59.14902114868164,14789000
2021-01-28,62.54999923706055,63.2400016784668,61.16999816894531,61.220001220703125,57.891326904296875,11166400
2021-01-29,61.15999984741211,61.5,60.209999084472656,60.43000030517578,57.14427947998047,11451800
2021-02-01,60.91999816894531,62.0099983215332,60.7400016784668,61.5099983215332,58.165557861328125,10553500
2021-02-02,61.880001068115234,62.91999816894531,61.79999923706055,62.369998931884766,58.978797912597656,10528000
2021-02-03,62.18000030517578,62.75,61.97999954223633,62.16999816894531,58.78968048095703,9933500
2021-02-04,62.47999954223633,63.38999938964844,62.25,63.349998474121094,59.90550994873047,9928700
2021-02-05,63.5,64.06999969482422,63.279998779296875,63.599998474121094,60.14192581176758,9170200
2021-02-08,63.790000915527344,63.869998931884766,62.84000015258789,63.11000061035156,59.67855453491211,7003400
2021-02-09,63.08000183105469,63.849998474121094,62.90999984741211,63.66999816894531,60.2081184387207,5437400
2021-02-10,63.84000015258789,63.900001525878906,62.93000030517578,63.27000045776367,59.829864501953125,9577500
2021-02-11,63.560001373291016,63.970001220703125,62.279998779296875,62.70000076293945,59.290863037109375,7690800
2021-02-12,62.31999969482422,63.119998931884766,62.310001373291016,63.08000183105469,59.65019607543945,6663400
2021-02-16,63.11000061035156,63.2599983215332,62.099998474121094,62.13999938964844,58.76130676269531,7526000
2021-02-17,61.83000183105469,62.150001525878906,61.36000061035156,62.09000015258789,58.71403503417969,6244500
2021-02-18,61.810001373291016,62.209999084472656,61.65999984741211,62.06999969482422,58.69511032104492,6262400
2021-02-19,62.2599983215332,62.36000061035156,61.08000183105469,61.130001068115234,57.80622863769531,10905100
2021-02-22,62.849998474121094,64.97000122070312,62.279998779296875,64.44999694824219,60.94570541381836,20940300
2021-02-23,64.41999816894531,65.22000122070312,64.05000305175781,64.5,60.99298095703125,18175400
2021-02-24,64.48999786376953,65.1500015258789,64.08000183105469,64.69999694824219,61.18211364746094,10609300
2021-02-25,64.63999938964844,66.36000061035156,64.58000183105469,65.30000305175781,61.7495002746582,15356100
2021-02-26,65.54000091552734,66.27999877929688,64.5,64.51000213623047,61.00245666503906,20512600
2021-03-01,64.94999694824219,66.7300033569336,64.7699966430664,66.16999816894531,62.57217788696289,11758900
2021-03-02,66.1500015258789,67.41999816894531,66.0,66.66000366210938,63.03554916381836,13282000
2021-03-03,66.25,67.54000091552734,66.19999694824219,66.91000366210938,63.27195739746094,15827600
2021-03-04,66.68000030517578,67.30999755859375,65.30999755859375,65.61000061035156,62.04263687133789,19951100
2021-03-05,67.30999755859375,71.72000122070312,67.30999755859375,69.97000122070312,66.16557312011719,34211500
2021-03-08,70.47000122070312,72.94000244140625,70.0999984741211,72.16000366210938,68.23651123046875,23300500
2021-03-09,72.4000015258789,73.22000122070312,72.0,72.63999938964844,68.6904067993164,17296400
2021-03-10,73.5,73.62000274658203,71.5,72.12000274658203,68.19866943359375,21378600
2021-03-11,67.6500015258789,68.0999984741211,65.43000030517578,67.41000366210938,63.744754791259766,38095400
2021-03-12,66.95999908447266,67.87000274658203,66.44999694824219,67.16000366210938,63.50837326049805,11606300
2021-03-15,66.94999694824219,67.77999877929688,66.9000015258789,67.7300033569336,64.04736328125,8919600
2021-03-16,68.0,68.06999969482422,66.68000030517578,66.8499984741211,63.21521759033203,14512500
2021-03-17,66.80000305175781,66.8499984741211,66.16000366210938,66.22000122070312,62.619476318359375,11892400
2021-03-18,66.47000122070312,67.01000213623047,66.08999633789062,66.73999786376953,63.1112060546875,13750300
2021-03-19,66.79000091552734,66.83000183105469,65.95999908447266,66.26000213623047,62.657291412353516,30963600
2021-03-22,66.22000122070312,66.5199966430664,65.86000061035156,66.31999969482422,62.71403884887695,10263700
2021-03-23,66.33000183105469,67.94000244140625,66.33000183105469,67.2699966430664,63.61238098144531,12390100
2021-03-24,67.11000061035156,67.41000366210938,66.73999786376953,66.83000183105469,63.19630813598633,11391100
2021-03-25,66.95999908447266,68.7300033569336,66.76000213623047,68.62999725341797,64.8984375,14844700
2021-03-26,68.56999969482422,70.37000274658203,68.27999877929688,70.25,66.43035888671875,12617000
2021-03-29,70.20999908447266,72.33000183105469,70.16999816894531,71.12999725341797,67.26250457763672,15183700
2021-03-30,70.83000183105469,71.05000305175781,69.94999694824219,70.55000305175781,66.71405029296875,12000200
2021-03-31,70.69999694824219,71.0999984741211,69.91000366210938,70.16999816894531,66.35468292236328,9971700
2021-04-01,70.45999908447266,71.83000183105469,70.33000183105469,71.80999755859375,67.90552520751953,13228700
2021-04-05,72.19000244140625,74.9000015258789,72.05999755859375,74.16000366210938,70.12773132324219,25010200
2021-04-06,73.62000274658203,74.6500015258789,73.16000366210938,74.27999877929688,70.24122619628906,14699800
2021-04-07,73.5999984741211,74.18000030517578,73.44999694824219,74.06999969482422,70.34568786621094,12356800
2021-04-08,74.2699966430664,75.52999877929688,74.1500015258789,75.27999877929688,71.49486541748047,13507700
2021-04-09,75.3499984741211,75.69000244140625,74.9000015258789,75.58000183105469,71.77978515625,13285700
2021-04-12,75.25,76.19000244140625,75.19999694824219,76.12000274658203,72.29264068603516,10634900
2021-04-13,76.16000366210938,77.01000213623047,75.9000015258789,76.66999816894531,72.8149642944336,13142400
2021-04-14,77.04000091552734,77.36000061035156,76.51000213623047,76.81999969482422,72.95742797851562,12730700
2021-04-15,77.0,78.55000305175781,76.83000183105469,78.29000091552734,74.353515625,13604200
2021-04-16,78.30999755859375,79.33999633789062,77.86000061035156,78.94999694824219,74.9803237915039,13334100
2021-04-19,78.80999755859375,80.20999908447266,78.33999633789062,78.75,74.79037475585938,19967200
2021-04-20,78.69999694824219,79.41999816894531,78.6500015258789,79.23999786376953,75.25575256347656,12562300
2021-04-21,78.79000091552734,79.33999633789062,76.52999877929688,76.66000366210938,72.80547332763672,18672800
2021-04-22,76.11000061035156,76.4800033569336,74.75,74.87000274658203,71.10547637939453,16769300
2021-04-23,74.29000091552734,75.0,73.8499984741211,74.97000122070312,71.20044708251953,10664700
2021-04-26,74.97000122070312,75.04000091552734,74.19999694824219,74.5,70.75406646728516,9402200
2021-04-27,74.38999938964844,75.43000030517578,74.22000122070312,75.22000122070312,71.4378662109375,9300200
2021-04-28,75.16000366210938,75.2699966430664,74.66000366210938,74.7699966430664,71.01050567626953,6107800
2021-04-29,75.37999725341797,75.9000015258789,74.63999938964844,75.87000274658203,72.05518341064453,7940400
2021-04-30,75.55999755859375,75.91999816894531,75.19000244140625,75.79000091552734,71.97923278808594,7825300
2021-05-03,76.27999877929688,77.4800033569336,76.08000183105469,77.33000183105469,73.44178771972656,15319600
2021-05-04,77.06999969482422,78.69999694824219,76.93000030517578,78.52999877929688,74.58143615722656,15316500
2021-05-05,78.97000122070312,79.83000183105469,78.41999816894531,79.19000244140625,75.2082748413086,12271900
2021-05-06,79.18000030517578,79.95999908447266,78.55999755859375,79.73999786376953,75.73060607910156,14089700
2021-05-07,79.80999755859375,80.54000091552734,78.58000183105469,80.4000015258789,76.35741424560547,14073400
2021-05-10,78.7699966430664,80.72000122070312,78.5999984741211,80.1500015258789,76.1199951171875,17356700
2021-05-11,79.75,79.9000015258789,77.25,77.69000244140625,73.78367614746094,12980400
2021-05-12,77.56999969482422,78.19000244140625,76.52999877929688,76.75,72.89094543457031,12302600
2021-05-13,77.52999877929688,78.44000244140625,76.87999725341797,78.13999938964844,74.21105194091797,11399300
2021-05-14,78.12000274658203,79.05000305175781,78.12000274658203,78.88999938964844,74.9233627319336,9033400
2021-05-17,78.87999725341797,79.52999877929688,78.8499984741211,79.08000183105469,75.10379791259766,6637900
2021-05-18,78.98999786376953,79.47000122070312,78.38999938964844,78.69000244140625,74.73339080810547,6643100
2021-05-19,77.80999755859375,78.7699966430664,77.55000305175781,78.73999786376953,74.78089141845703,8165000
2021-05-20,78.94999694824219,79.31999969482422,78.68000030517578,78.72000122070312,74.76189422607422,8802700
2021-05-21,79.19000244140625,79.8499984741211,78.9800033569336,79.02999877929688,75.0562973022461,8629000
2021-05-24,79.48999786376953,79.87999725341797,79.13999938964844,79.37999725341797,75.3886947631836,7044700
2021-05-25,79.61000061035156,79.68000030517578,78.6500015258789,78.83000183105469,74.86636352539062,7160600
2021-05-26,78.58999633789062,79.37000274658203,78.55000305175781,79.26000213623047,75.27474212646484,12851100
2021-05-27,79.5,80.05000305175781,78.83999633789062,78.9800033569336,75.00881958007812,12867800
2021-05-28,78.94999694824219,79.36000061035156,78.66999816894531,78.73999786376953,74.78089141845703,6929700
2021-06-01,79.58000183105469,79.83000183105469,78.4800033569336,79.56999969482422,75.56914520263672,10485300
2021-06-02,79.69999694824219,80.93000030517578,79.51000213623047,80.2699966430664,76.23396301269531,12249300
2021-06-03,79.80000305175781,81.45999908447266,79.6500015258789,81.08999633789062,77.01273345947266,12038700
2021-06-04,81.41999816894531,83.95999908447266,81.37000274658203,82.88999938964844,78.72222137451172,14502900
2021-06-07,82.94000244140625,84.25,82.8499984741211,83.94000244140625,79.71942901611328,10445600
2021-06-08,84.02999877929688,85.02999877929688,84.0,84.61000061035156,80.3557357788086,10726800
2021-06-09,84.5999984741211,84.83000183105469,84.02999877929688,84.5199966430664,80.270263671875,9720300
2021-06-10,84.16000366210938,84.45999908447266,81.70999908447266,82.30000305175781,78.1618881225586,16680800
2021-06-11,81.9800033569336,83.23999786376953,81.83999633789062,82.9000015258789,78.73171997070312,11066500
2021-06-14,83.0,83.0999984741211,82.12999725341797,82.62000274658203,78.4657974243164,10173200
2021-06-15,82.0,82.51000213623047,81.3499984741211,81.63999938964844,77.53507995605469,17298000
2021-06-16,77.98999786376953,78.55000305175781,75.9000015258789,77.08000183105469,73.204345703125,36560600
2021-06-17,76.98999786376953,77.73999786376953,76.55999755859375,77.55999755859375,73.66020965576172,14836100
2021-06-18,76.9000015258789,76.91000366210938,75.97000122070312,76.2300033569336,72.3970947265625,22521200
2021-06-21,76.61000061035156,78.0999984741211,76.55000305175781,77.98999786376953,74.06859588623047,8924300
2021-06-22,78.05999755859375,79.19000244140625,77.66000366210938,78.68000030517578,74.72390747070312,9845800
2021-06-23,78.76000213623047,78.87000274658203,78.05999755859375,78.0999984741211,74.1730728149414,7295900
2021-06-24,78.6500015258789,78.95999908447266,77.61000061035156,77.73999786376953,73.83116912841797,9624000
2021-06-25,78.02999877929688,78.61000061035156,77.55999755859375,78.45999908447266,74.51496124267578,12845000
2021-06-28,78.48999786376953,78.97000122070312,78.33000183105469,78.5,74.55294036865234,5605400
2021-06-29,78.54000091552734,78.58999633789062,77.81999969482422,78.0999984741211,74.1730728149414,5392900
2021-06-30,77.58999633789062,78.20999908447266,77.58000183105469,77.83999633789062,73.92613220214844,7899800
2021-07-01,77.9800033569336,79.62000274658203,77.91000366210938,79.54000091552734,75.54066467285156,13108000
2021-07-02,79.44999694824219,82.26000213623047,79.3499984741211,81.81999969482422,77.70602416992188,15258100
2021-07-06,81.5999984741211,83.62999725341797,81.36000061035156,83.08000183105469,78.90265655517578,14200400
2021-07-07,83.16999816894531,87.16999816894531,82.95999908447266,86.08999633789062,81.76130676269531,20976600
2021-07-08,85.0199966430664,86.88999938964844,84.66000366210938,85.58999633789062,81.28646850585938,16383300
2021-07-09,85.87999725341797,88.4000015258789,85.77999877929688,87.76000213623047,83.34735870361328,15685300
2021-07-12,87.52999877929688,88.8499984741211,86.97000122070312,87.08000183105469,82.70155334472656,16076800
2021-07-13,86.69999694824219,87.93000030517578,86.52999877929688,87.06999969482422,82.69204711914062,12789300
2021-07-14,87.08000183105469,88.66999816894531,86.66000366210938,88.27999877929688,84.15048217773438,13330500
2021-07-15,88.0999984741211,88.7699966430664,85.51000213623047,86.23999786376953,82.20591735839844,18306300
2021-07-16,86.75,88.4800033569336,86.5199966430664,87.48999786376953,83.3974380493164,14617500
2021-07-19,86.91000366210938,87.87000274658203,86.19000244140625,86.9800033569336,82.91130065917969,15619900
2021-07-20,87.0999984741211,89.05000305175781,87.0199966430664,88.66000366210938,84.5127182006836,12813900
2021-07-21,88.88999938964844,90.25,88.45999908447266,89.69000244140625,85.4945297241211,13108100
2021-07-22,90.0,91.13999938964844,89.68000030517578,90.69000244140625,86.44776153564453,13638900
2021-07-23,90.98999786376953,91.19999694824219,87.12000274658203,87.69000244140625,83.58807373046875,12680900
2021-07-26,87.44000244140625,88.0999984741211,86.66999816894531,87.86000061035156,83.75013732910156,10454100
2021-07-27,87.76000213623047,88.5999984741211,87.12000274658203,87.80000305175781,83.69293975830078,8465200
2021-07-28,87.9000015258789,87.94999694824219,87.12000274658203,87.18000030517578,83.10193634033203,6396800
2021-07-29,87.68000030517578,88.26000213623047,87.33000183105469,87.62999725341797,83.53089904785156,6201400
2021-07-30,87.41000366210938,88.1500015258789,86.87000274658203,87.13999938964844,83.06381225585938,7962800
2021-08-02,87.7300033569336,87.93000030517578,87.08999633789062,87.5999984741211,83.50230407714844,5579100
2021-08-03,87.87999725341797,90.16999816894531,87.80999755859375,89.73999786376953,85.54218292236328,9889800
2021-08-04,89.79000091552734,90.08999633789062,89.27999877929688,90.05000305175781,85.83769989013672,7509900
2021-08-05,90.18000030517578,90.5199966430664,88.76000213623047,89.43000030517578,85.2466812133789,8231300
2021-08-06,89.23999786376953,89.87999725341797,88.81999969482422,89.5199966430664,85.33248138427734,6513900
2021-08-09,89.45999908447266,90.47000122070312,89.0999984741211,89.9000015258789,85.6947021484375,5798700
2021-08-10,89.0999984741211,90.12000274658203,88.93000030517578,89.63999938964844,85.44686126708984,5473300
2021-08-11,89.9000015258789,90.41999816894531,89.51000213623047,89.62999725341797,85.43732452392578,8009800
2021-08-12,89.11000061035156,89.9800033569336,88.66999816894531,89.80999755859375,85.6089096069336,5687200
2021-08-13,90.62000274658203,91.33999633789062,89.94999694824219,90.37999725341797,86.1522445678711,6640400
2021-08-16,89.86000061035156,90.83999633789062,89.54000091552734,90.81999969482422,86.5716552734375,7122800
2021-08-17,90.98999786376953,91.77999877929688,90.37000274658203,90.94999694824219,86.69558715820312,6738500
2021-08-18,90.48999786376953,91.05000305175781,88.86000061035156,88.94000244140625,84.77960205078125,7666300
2021-08-19,88.29000091552734,89.38999938964844,88.2300033569336,88.70999908447266,84.56036376953125,8099400
2021-08-20,88.80000305175781,89.4000015258789,88.30000305175781,88.94000244140625,84.77960205078125,8716400
2021-08-23,89.48999786376953,89.56999969482422,88.70999908447266,89.12000274658203,84.95118713378906,7147300
2021-08-24,89.20999908447266,89.6500015258789,88.47000122070312,88.55000305175781,84.40786743164062,6320100
2021-08-25,88.55000305175781,88.9000015258789,88.05000305175781,88.62000274658203,84.47457885742188,5748500
2021-08-26,88.80999755859375,89.18000030517578,88.45999908447266,88.72000122070312,84.56988525390625,9093200
2021-08-27,88.79000091552734,89.5199966430664,88.61000061035156,89.3499984741211,85.1704330444336,5426800
2021-08-30,89.45999908447266,89.9800033569336,89.30000305175781,89.44999694824219,85.2657470703125,5357000
2021-08-31,89.44999694824219,89.5,88.48999786376953,89.12999725341797,84.96070861816406,8113300
2021-09-01,89.26000213623047,90.16999816894531,88.87000274658203,89.94999694824219,85.74236297607422,8208000
2021-09-02,90.16999816894531,90.5,89.41000366210938,89.80000305175781,85.59937286376953,7717400
2021-09-03,89.33999633789062,90.4800033569336,89.30000305175781,90.0,85.79003143310547,8456900
2021-09-07,90.04000091552734,90.66999816894531,88.54000091552734,88.72000122070312,84.56988525390625,11046000
2021-09-08,88.13999938964844,89.5999984741211,87.97000122070312,89.47000122070312,85.2848129272461,8851200
2021-09-09,89.5999984741211,90.83000183105469,89.41000366210938,89.54000091552734,85.3515396118164,11034700
2021-09-10,89.6500015258789,90.55000305175781,89.51000213623047,89.68000030517578,85.4849853515625,10547400
2021-09-13,90.12000274658203,90.51000213623047,88.2300033569336,88.88999938964844,84.73194122314453,18883400
2021-09-14,86.19000244140625,86.94999694824219,84.7300033569336,86.38999938964844,82.34888458251953,22714200
2021-09-15,86.55000305175781,88.36000061035156,86.16999816894531,87.7300033569336,83.626220703125,14951100
2021-09-16,87.66999816894531,87.97000122070312,86.19000244140625,87.25,83.16865539550781,12410500
2021-09-17,86.20999908447266,87.56999969482422,85.94999694824219,86.38999938964844,82.34888458251953,58069000
2021-09-20,85.02999877929688,87.41000366210938,84.93000030517578,86.16999816894531,82.1391830444336,13897700
2021-09-21,86.73999786376953,87.66000366210938,86.12000274658203,86.91999816894531,82.85408782958984,11124400
2021-09-22,87.62000274658203,89.0,87.23999786376953,88.44000244140625,84.3030014038086,9908000
2021-09-23,88.94000244140625,90.05999755859375,88.66000366210938,89.41999816894531,85.23716735839844,9720200
2021-09-24,89.2699966430664,90.05999755859375,88.94000244140625,89.94000244140625,85.73282623291016,7617800
2021-09-27,89.77999877929688,91.30999755859375,89.1500015258789,91.04000091552734,86.78138732910156,11533000
2021-09-28,90.63999938964844,92.2699966430664,90.05000305175781,90.48999786376953,86.25711059570312,15041800
2021-09-29,91.1500015258789,92.08000183105469,91.0,91.25,86.98155212402344,12007300
2021-09-30,91.25,91.58000183105469,87.12000274658203,87.12999725341797,83.05426788330078,15649900
2021-10-01,87.76000213623047,90.2699966430664,87.5999984741211,89.73999786376953,85.54218292236328,13320900
2021-10-04,89.4800033569336,90.43000030517578,88.95999908447266,89.26000213623047,85.08464050292969,10853900
2021-10-05,89.3499984741211,91.97000122070312,89.16999816894531,91.48999786376953,87.21031951904297,9788600
2021-10-06,90.41999816894531,91.5,89.6500015258789,91.33999633789062,87.06734466552734,10268300
2021-10-07,91.70999908447266,92.87999725341797,91.6500015258789,92.30999755859375,87.99197387695312,9124400
2021-10-08,92.37999725341797,95.0199966430664,92.11000061035156,94.38999938964844,90.28765869140625,13202300
2021-10-11,94.29000091552734,96.80000305175781,94.19999694824219,95.29000091552734,91.14854431152344,12959300
2021-10-12,95.83000183105469,96.5199966430664,95.26000213623047,95.56999969482422,91.41636657714844,9964100
2021-10-13,96.0999984741211,96.98999786376953,95.94999694824219,96.4000015258789,92.2103042602539,9453900
2021-10-14,96.80000305175781,97.3499984741211,94.37000274658203,95.27999877929688,91.13899230957031,7911200
2021-10-15,95.08999633789062,96.04000091552734,94.7300033569336,95.33000183105469,91.18681335449219,7422800
2021-10-18,95.5,96.6500015258789,95.0999984741211,96.51000213623047,92.31551361083984,7344100
2021-10-19,97.0,97.27999877929688,96.31999969482422,97.05999755859375,92.84162139892578,5616500
2021-10-20,97.2699966430664,97.97000122070312,96.25,96.63999938964844,92.43987274169922,6574100
2021-10-21,96.56999969482422,96.83000183105469,95.70999908447266,96.30000305175781,92.11465454101562,6224400
2021-10-22,96.29000091552734,98.2699966430664,96.22000122070312,98.25,93.97990417480469,6819600
2021-10-25,98.44000244140625,98.94999694824219,97.55000305175781,97.88999938964844,93.63555145263672,5083100
2021-10-26,98.30000305175781,98.55999755859375,96.94000244140625,96.9800033569336,92.7651138305664,7089700
2021-10-27,96.80999755859375,97.30000305175781,96.0,96.02999877929688,91.85637664794922,5941200
2021-10-28,96.6500015258789,97.69999694824219,95.93000030517578,96.2300033569336,92.04769897460938,5177200
2021-10-29,95.79000091552734,96.97000122070312,95.45999908447266,95.94000244140625,91.7702865600586,7578600
2021-11-01,96.0,96.02999877929688,93.91000366210938,94.37999725341797,90.27809143066406,7327600
2021-11-02,93.7300033569336,95.91999816894531,93.5,95.87000274658203,91.70333099365234,6229600
2021-11-03,96.5,96.87000274658203,94.75,96.1500015258789,91.97118377685547,5746400
2021-11-04,96.2300033569336,96.61000061035156,95.31999969482422,95.62999725341797,91.47377014160156,5857500
2021-11-05,96.19999694824219,96.55000305175781,94.0999984741211,94.94999694824219,90.82332611083984,6160200
2021-11-08,95.25,95.25,94.30999755859375,95.13999938964844,91.00505828857422,5056400
2021-11-09,95.11000061035156,95.61000061035156,94.05999755859375,94.58999633789062,90.47896575927734,6102600
2021-11-10,94.0999984741211,94.8499984741211,93.36000061035156,93.83000183105469,89.75199890136719,5828800
2021-11-11,94.11000061035156,94.76000213623047,93.80000305175781,94.04000091552734,89.9528579711914,3620600
2021-11-12,94.29000091552734,94.47000122070312,93.43000030517578,93.54000091552734,89.474609375,6435300
2021-11-15,93.81999969482422,94.25,92.91999816894531,94.0199966430664,89.9337387084961,5700900
2021-11-16,94.13999938964844,96.37000274658203,94.0199966430664,95.61000061035156,91.45464324951172,7392900
2021-11-17,95.76000213623047,96.13999938964844,94.81999969482422,95.33000183105469,91.18681335449219,6257600
2021-11-18,95.1500015258789,95.33000183105469,93.5,94.66000366210938,90.54592895507812,5725300
2021-11-19,94.80999755859375,96.95999908447266,93.94000244140625,93.97000122070312,89.88591766357422,8936600
2021-11-22,93.7300033569336,95.66999816894531,93.41000366210938,94.61000061035156,90.49810028076172,6488200
2021-11-23,94.16000366210938,94.29000091552734,92.26000213623047,92.94000244140625,88.90068817138672,8905500
2021-11-24,92.2300033569336,93.69999694824219,92.1500015258789,93.58000183105469,89.51285552978516,10908500
2021-11-26,92.88999938964844,94.08000183105469,92.06999969482422,92.33000183105469,88.31719207763672,4519300
2021-11-29,93.16999816894531,94.12999725341797,92.87000274658203,92.94000244140625,88.90068817138672,9552500
2021-11-30,93.0199966430664,93.5199966430664,90.61000061035156,90.73999786376953,86.79627990722656,23271200
2021-12-01,91.69000244140625,92.38999938964844,89.66000366210938,89.75,85.84931945800781,12084900
2021-12-02,89.4000015258789,91.04000091552734,89.0,89.98999786376953,86.07888793945312,7089800
2021-12-03,90.3499984741211,90.79000091552734,87.72000122070312,88.23999786376953,84.40495300292969,10808600
2021-12-06,88.33999633789062,89.16999816894531,87.8499984741211,88.94000244140625,85.07452392578125,8398500
2021-12-07,89.9800033569336,90.7300033569336,89.20999908447266,90.05000305175781,86.13629913330078,6803700
2021-12-08,90.05000305175781,90.16999816894531,87.91000366210938,88.94000244140625,85.07452392578125,7695800
2021-12-09,89.12000274658203,89.98999786376953,88.23999786376953,88.7699966430664,84.91192626953125,8615800
2021-12-10,104.29000091552734,106.33999633789062,100.0999984741211,102.62999725341797,98.16954040527344,45824600
2021-12-13,102.44000244140625,104.36000061035156,100.5199966430664,100.88999938964844,96.50515747070312,16317600
2021-12-14,100.0,101.45999908447266,99.38999938964844,99.88999938964844,95.54862976074219,9511600
2021-12-15,100.58000183105469,103.76000213623047,100.23999786376953,103.6500015258789,99.14521026611328,14452200
2021-12-16,103.94999694824219,104.0,102.27999877929688,103.22000122070312,98.7339096069336,9053200
2021-12-17,97.69000244140625,99.94999694824219,95.80999755859375,96.62000274658203,92.42073059082031,28872300
2021-12-20,96.41999816894531,96.41999816894531,91.5199966430664,91.63999938964844,87.65718078613281,17205400
2021-12-21,91.80999755859375,91.83999633789062,89.70999908447266,91.51000213623047,87.5328369140625,15823000
2021-12-22,91.2699966430664,91.86000061035156,89.51000213623047,89.86000061035156,85.95452880859375,10539000
2021-12-23,90.02999877929688,90.36000061035156,89.05999755859375,89.72000122070312,85.82064056396484,9655400
2021-12-27,89.69999694824219,90.33000183105469,89.0199966430664,89.54000091552734,85.64845275878906,7666200
2021-12-28,89.69999694824219,89.80000305175781,88.5199966430664,88.6500015258789,84.79713439941406,5610500
2021-12-29,88.5,89.19000244140625,87.72000122070312,88.20999908447266,84.3762435913086,5628500
2021-12-30,88.6500015258789,88.91000366210938,87.7699966430664,88.01000213623047,84.18494415283203,7382400
2021-12-31,88.05000305175781,88.0999984741211,87.18000030517578,87.20999908447266,83.41972351074219,5908200
2022-01-03,87.33000183105469,87.94000244140625,85.76000213623047,87.9000015258789,84.07972717285156,10644400
2022-01-04,87.9000015258789,89.58000183105469,87.7300033569336,88.83999633789062,84.97886657714844,11959000
2022-01-05,88.48999786376953,88.5999984741211,86.22000122070312,86.45999908447266,82.70230865478516,11236700
2022-01-06,86.0,87.41999816894531,85.55000305175781,86.33999633789062,82.89433288574219,7918400
2022-01-07,86.44999694824219,88.0,86.27999877929688,87.51000213623047,84.01764678955078,9836800
2022-01-10,87.37999725341797,89.37999725341797,86.94999694824219,89.27999877929688,85.71700286865234,11025500
2022-01-11,88.63999938964844,89.0,87.41000366210938,88.4800033569336,84.94892883300781,7249800
2022-01-12,88.88999938964844,89.5199966430664,87.66999816894531,88.30999755859375,84.78570556640625,5840300
2022-01-13,88.7300033569336,88.91999816894531,87.55000305175781,87.79000091552734,84.28646087646484,6044300
2022-01-14,87.4800033569336,88.0999984741211,86.66000366210938,87.69000244140625,84.1904525756836,6054800
2022-01-18,86.87000274658203,86.97000122070312,85.33999633789062,85.55000305175781,82.13585662841797,6824700
2022-01-19,85.7699966430664,86.69000244140625,83.2300033569336,83.37999725341797,80.05245971679688,10501800
2022-01-20,83.91999816894531,85.0,82.5199966430664,82.72000122070312,79.41878509521484,10836900
2022-01-21,83.36000061035156,83.38999938964844,82.02999877929688,82.22000122070312,78.93875122070312,11609000
2022-01-24,81.22000122070312,82.41999816894531,79.58999633789062,82.41999816894531,79.13077545166016,16770400
2022-01-25,81.33000183105469,82.0999984741211,80.19999694824219,81.06999969482422,77.83464050292969,13469900
2022-01-26,81.91000366210938,82.02999877929688,79.27999877929688,79.58999633789062,76.41370391845703,13971300
2022-01-27,80.11000061035156,81.1500015258789,79.19999694824219,79.77999877929688,76.59612274169922,10331900
2022-01-28,79.98999786376953,80.5,78.56999969482422,80.4800033569336,77.26820373535156,7854700
2022-01-31,80.48999786376953,81.63999938964844,80.12000274658203,81.16000366210938,77.92105102539062,10594200
2022-02-01,81.4000015258789,81.4000015258789,79.6500015258789,81.04000091552734,77.80585479736328,8016900
2022-02-02,81.16000366210938,82.87999725341797,80.83999633789062,82.5,79.20758819580078,9287600
2022-02-03,81.62999725341797,82.76000213623047,81.62999725341797,81.94000244140625,78.66992950439453,8207200
2022-02-04,82.02999877929688,82.91000366210938,81.47000122070312,82.11000061035156,78.83313751220703,5570200
2022-02-07,82.13999938964844,82.25,80.66000366210938,80.73999786376953,77.51781463623047,6292200
2022-02-08,80.29000091552734,80.86000061035156,79.80000305175781,80.79000091552734,77.56582641601562,6585300
2022-02-09,81.75,83.6500015258789,81.6500015258789,83.44999694824219,80.11967468261719,8755900
2022-02-10,82.75,83.77999877929688,81.62000274658203,81.8499984741211,78.5835189819336,6336300
2022-02-11,81.83999633789062,82.43000030517578,79.52999877929688,79.75,76.56732177734375,7670500
2022-02-14,79.58000183105469,79.7300033569336,78.44000244140625,78.94999694824219,75.79924774169922,5389800
2022-02-15,79.38999938964844,79.93000030517578,79.20999908447266,79.7699966430664,76.5865249633789,5712800
2022-02-16,79.47000122070312,79.77999877929688,78.22000122070312,79.19000244140625,76.0296859741211,6227000
2022-02-17,78.76000213623047,78.9800033569336,75.33000183105469,75.52999877929688,72.51573944091797,9247100
2022-02-18,75.5,75.7300033569336,74.27999877929688,74.56999969482422,71.59404754638672,7790100
2022-02-22,73.81999969482422,74.91000366210938,73.62000274658203,74.12000274658203,71.16201782226562,8039000
2022-02-23,74.06999969482422,74.37999725341797,72.3499984741211,72.47000122070312,69.57785034179688,6807100
2022-02-24,70.94000244140625,74.94000244140625,70.2300033569336,74.80999755859375,71.824462890625,11240500
2022-02-25,74.6500015258789,76.83000183105469,74.31999969482422,76.3499984741211,73.30301666259766,8291800
2022-02-28,75.56999969482422,76.69999694824219,75.0199966430664,75.97000122070312,72.93817138671875,9234400
2022-03-01,75.9800033569336,76.5,75.62000274658203,76.01000213623047,72.97657775878906,8752100
2022-03-02,76.44999694824219,78.86000061035156,76.25,78.27999877929688,75.15599822998047,8527200
2022-03-03,78.95999908447266,79.04000091552734,77.43000030517578,78.25,75.12720489501953,8203000
2022-03-04,77.66999816894531,77.91000366210938,75.77999877929688,76.48999786376953,73.43742370605469,8841300
2022-03-07,76.29000091552734,76.38999938964844,73.44000244140625,74.31999969482422,71.3540267944336,11110100
2022-03-08,73.83999633789062,75.2300033569336,73.11000061035156,73.33000183105469,70.40353393554688,9134100
2022-03-09,74.91999816894531,76.94999694824219,74.69000244140625,76.0999984741211,73.06298065185547,8959500
2022-03-10,75.0999984741211,76.8499984741211,75.02999877929688,76.6500015258789,73.59103393554688,13812600
2022-03-11,76.69999694824219,79.9000015258789,74.0,77.81999969482422,74.71434020996094,22795800
2022-03-14,77.91999816894531,78.5999984741211,75.44000244140625,77.06999969482422,73.99427795410156,13306200
2022-03-15,78.05000305175781,81.54000091552734,77.06999969482422,80.5999984741211,77.38341522216797,16847200
2022-03-16,81.0,81.2300033569336,77.75,79.95999908447266,76.7689437866211,14071300
2022-03-17,79.77999877929688,81.29000091552734,79.26000213623047,80.5999984741211,77.38341522216797,10462400
2022-03-18,79.62999725341797,81.98999786376953,78.83999633789062,81.68000030517578,78.42030334472656,24176000
2022-03-21,81.27999877929688,81.9800033569336,80.2699966430664,80.95999908447266,77.72903442382812,8131300
2022-03-22,81.45999908447266,82.2300033569336,80.83000183105469,81.80000305175781,78.53551483154297,9292300
2022-03-23,81.25,81.41000366210938,80.22000122070312,80.38999938964844,77.1817855834961,7451100
2022-03-24,80.6500015258789,82.81999969482422,80.48999786376953,82.23999786376953,78.95795440673828,7025700
2022-03-25,82.04000091552734,82.83999633789062,81.2300033569336,81.7300033569336,78.46832275390625,5682300
2022-03-28,81.73999786376953,83.70999908447266,81.73999786376953,83.5999984741211,80.263671875,6626700
2022-03-29,84.48999786376953,84.51000213623047,83.11000061035156,84.29000091552734,80.9261474609375,5762000
2022-03-30,83.95999908447266,84.36000061035156,83.12000274658203,83.36000061035156,80.03325653076172,5533100
2022-03-31,83.11000061035156,83.91000366210938,82.58999633789062,82.7300033569336,79.42841339111328,9433300
2022-04-01,83.04000091552734,83.36000061035156,81.47000122070312,82.01000213623047,78.73713684082031,6147500
2022-04-04,82.25,84.30000305175781,82.0,84.06999969482422,80.71492767333984,7882400
2022-04-05,83.4000015258789,84.5199966430664,82.66999816894531,82.94000244140625,79.63002014160156,5143400
2022-04-06,81.91999816894531,82.47000122070312,81.37000274658203,82.12000274658203,78.8427505493164,5492400
2022-04-07,81.25,82.01000213623047,80.77999877929688,81.54000091552734,78.59214782714844,7112200
2022-04-08,81.70999908447266,81.83000183105469,80.26000213623047,80.94000244140625,78.01383972167969,6182500
2022-04-11,80.62999725341797,81.12999725341797,79.69999694824219,79.76000213623047,76.87650299072266,5738400
2022-04-12,79.94999694824219,80.98999786376953,79.0199966430664,79.33000183105469,76.4620361328125,6174700
2022-04-13,79.26000213623047,79.95999908447266,78.62999725341797,79.75,76.86685180664062,4728600
2022-04-14,79.83000183105469,80.36000061035156,79.31999969482422,79.44999694824219,76.57770538330078,5590400
2022-04-18,79.1500015258789,79.9800033569336,77.91000366210938,78.22000122070312,75.39216613769531,4955900
2022-04-19,78.25,79.77999877929688,78.23999786376953,79.55999755859375,76.68372344970703,5412400
2022-04-20,79.79000091552734,81.86000061035156,79.79000091552734,80.29000091552734,77.3873291015625,9472600
2022-04-21,81.48999786376953,81.5999984741211,79.33000183105469,79.4800033569336,76.60662078857422,5616100
2022-04-22,79.2699966430664,79.69999694824219,76.16000366210938,76.20999908447266,73.454833984375,9357100
2022-04-25,76.19999694824219,77.05999755859375,74.69999694824219,76.9800033569336,74.1969985961914,7305900
2022-04-26,76.3499984741211,76.6500015258789,74.4800033569336,74.51000213623047,71.81629943847656,7555200
2022-04-27,74.58000183105469,76.0199966430664,74.41999816894531,74.76000213623047,72.0572509765625,7279200
2022-04-28,75.5199966430664,76.62999725341797,74.5999984741211,76.13999938964844,73.38735961914062,6177900
2022-04-29,75.33999633789062,75.87000274658203,73.1500015258789,73.4000015258789,70.74641418457031,7946900
2022-05-02,73.93000030517578,74.5999984741211,72.52999877929688,74.0,71.32473754882812,7379900
2022-05-03,73.8499984741211,74.20999908447266,72.80999755859375,73.29000091552734,70.64039611816406,5211500
2022-05-04,73.37999725341797,75.3499984741211,72.79000091552734,75.20999908447266,72.49098205566406,6759900
2022-05-05,74.0,74.72000122070312,71.98999786376953,72.80000305175781,70.16812133789062,7197200
2022-05-06,72.12999725341797,72.94000244140625,71.62999725341797,72.48999786376953,69.86930847167969,6222500
2022-05-09,71.63999938964844,72.58999633789062,71.16999816894531,71.54000091552734,68.95366668701172,7019700
2022-05-10,72.5,73.62000274658203,71.2699966430664,72.52999877929688,69.90787506103516,8129000
2022-05-11,72.30999755859375,73.45999908447266,70.87000274658203,71.02999877929688,68.46208953857422,6932100
2022-05-12,70.87999725341797,70.93000030517578,68.97000122070312,70.7300033569336,68.17293548583984,11698900
2022-05-13,70.95999908447266,71.9800033569336,70.52999877929688,71.16999816894531,68.59703826904297,6700100
2022-05-16,70.69000244140625,70.91000366210938,69.38999938964844,69.70999908447266,67.1898193359375,6942100
2022-05-17,71.05000305175781,71.9000015258789,70.69999694824219,71.87999725341797,69.2813720703125,5952500
2022-05-18,70.80000305175781,70.94000244140625,67.80999755859375,68.30000305175781,65.83079528808594,7977300
2022-05-19,67.4800033569336,67.9000015258789,66.72000122070312,67.04000091552734,64.61634063720703,9451600
2022-05-20,67.87999725341797,68.69000244140625,66.8499984741211,68.62999725341797,66.14886474609375,7531100
2022-05-23,69.30999755859375,70.47000122070312,68.66999816894531,70.04000091552734,67.50789642333984,7370200
2022-05-24,69.66999816894531,70.52999877929688,68.30999755859375,69.02999877929688,66.53440856933594,6644100
2022-05-25,68.87999725341797,70.22000122070312,68.7699966430664,69.83000183105469,67.30548858642578,7103300
2022-05-26,70.12999725341797,72.12000274658203,69.91000366210938,71.66000366210938,69.06932830810547,6758900
2022-05-27,72.36000061035156,72.8499984741211,71.55000305175781,72.77999877929688,70.1488265991211,6566700
2022-05-31,72.2300033569336,72.9800033569336,71.5199966430664,71.91999816894531,69.31993103027344,16890300
2022-06-01,73.0199966430664,73.2699966430664,71.1500015258789,71.5999984741211,69.0114974975586,5804700
2022-06-02,71.4800033569336,73.19000244140625,71.01000213623047,73.13999938964844,70.49581909179688,6200400
2022-06-03,72.55999755859375,72.95999908447266,71.2300033569336,71.79000091552734,69.19461822509766,8169500
2022-06-06,72.62999725341797,74.83999633789062,72.62999725341797,72.97000122070312,70.33197021484375,5274700
2022-06-07,71.58999633789062,73.12999725341797,71.58999633789062,72.69000244140625,70.06208801269531,5675700
2022-06-08,72.01000213623047,72.1500015258789,70.94000244140625,71.37999725341797,68.79943084716797,5253500
2022-06-09,70.7699966430664,71.16000366210938,69.19999694824219,69.22000122070312,66.717529296875,6824900
2022-06-10,67.9800033569336,68.22000122070312,66.95999908447266,67.13999938964844,64.71273803710938,10256100
2022-06-13,65.77999877929688,66.0999984741211,63.7599983215332,64.05000305175781,61.73444747924805,16547200
2022-06-14,72.0,72.43000030517578,69.0199966430664,70.72000122070312,68.16332244873047,29661300
2022-06-15,70.44999694824219,71.41999816894531,68.66999816894531,69.69999694824219,67.18017578125,11765500
2022-06-16,68.5,68.95999908447266,67.58000183105469,68.70999908447266,66.2259750366211,10686000
2022-06-17,68.75,69.37000274658203,67.38999938964844,67.72000122070312,65.27178192138672,16445600
2022-06-21,68.61000061035156,69.52999877929688,67.38999938964844,67.68000030517578,65.23321533203125,10047700
2022-06-22,66.93000030517578,67.56999969482422,66.37999725341797,66.52999877929688,64.1247787475586,8219900
2022-06-23,66.44999694824219,67.87000274658203,66.30999755859375,67.62999725341797,65.18502807617188,8775800
2022-06-24,68.33000183105469,70.77999877929688,67.97000122070312,70.69999694824219,68.14402770996094,20132600
2022-06-27,69.37000274658203,70.8499984741211,68.94000244140625,70.41000366210938,67.8645248413086,8840600
2022-06-28,70.56999969482422,71.06999969482422,68.52999877929688,68.58000183105469,66.1006851196289,7252100
2022-06-29,69.02999877929688,70.08999633789062,68.77999877929688,69.20999908447266,66.70789337158203,8077900
2022-06-30,68.20999908447266,70.25,68.20999908447266,69.87000274658203,67.34403991699219,9888600
2022-07-01,69.8499984741211,70.9800033569336,69.80999755859375,70.87000274658203,68.30787658691406,7805600
2022-07-05,70.37999725341797,72.0,70.18000030517578,71.98999786376953,69.38739776611328,9040400
2022-07-06,72.31999969482422,72.73999786376953,71.30999755859375,71.66000366210938,69.06932830810547,6043700
2022-07-07,71.83000183105469,71.9800033569336,71.18000030517578,71.83000183105469,69.2331771850586,7814500
2022-07-08,71.69000244140625,72.23999786376953,71.33000183105469,71.87000274658203,69.27173614501953,4927300
2022-07-11,71.0,71.97000122070312,70.9000015258789,71.56999969482422,69.29109954833984,4543300
2022-07-12,71.5999984741211,71.94000244140625,70.06999969482422,70.41000366210938,68.16803741455078,7140800
2022-07-13,69.05000305175781,70.52999877929688,68.68000030517578,70.02999877929688,67.80012512207031,6454800
2022-07-14,69.16000366210938,69.58000183105469,68.2300033569336,69.44999694824219,67.23859405517578,4915500
2022-07-15,70.26000213623047,70.87000274658203,70.0,70.73999786376953,68.48751068115234,5134100
2022-07-18,71.25,71.70999908447266,70.1500015258789,70.20999908447266,67.97440338134766,4642300
2022-07-19,70.63999938964844,72.30000305175781,70.26000213623047,72.23999786376953,69.93977355957031,7160300
2022-07-20,72.55000305175781,73.0999984741211,72.16000366210938,72.58999633789062,70.27861785888672,5655700
2022-07-21,72.1500015258789,74.62999725341797,72.12999725341797,74.54000091552734,72.16653442382812,7005100
2022-07-22,74.81999969482422,75.29000091552734,74.26000213623047,74.9000015258789,72.51506042480469,6659800
2022-07-25,75.0999984741211,75.43000030517578,74.33999633789062,74.86000061035156,72.47633361816406,5721600
2022-07-26,74.80000305175781,75.30000305175781,73.70999908447266,74.02999877929688,71.67276763916016,7284400
2022-07-27,74.37999725341797,76.12000274658203,74.31999969482422,75.87000274658203,73.45417022705078,6677200
2022-07-28,75.63999938964844,77.27999877929688,75.30999755859375,77.04000091552734,74.5869140625,5688100
2022-07-29,77.01000213623047,78.16000366210938,77.0,77.83999633789062,75.36144256591797,5926600
2022-08-01,77.18000030517578,77.80999755859375,76.69999694824219,77.44000244140625,74.97418975830078,5227500
2022-08-02,76.98999786376953,77.26000213623047,76.05999755859375,76.3499984741211,73.91889953613281,6403400
2022-08-03,76.72000122070312,77.76000213623047,76.30000305175781,77.37000274658203,74.90642547607422,6127800
2022-08-04,77.44999694824219,77.8499984741211,77.11000061035156,77.4000015258789,74.93547821044922,3656200
2022-08-05,76.2699966430664,77.4000015258789,76.0,77.3499984741211,74.88704681396484,4858100
2022-08-08,76.91999816894531,77.43000030517578,76.2699966430664,76.47000122070312,74.03507232666016,4733500
2022-08-09,76.20999908447266,76.91000366210938,75.83999633789062,76.7699966430664,74.32551574707031,4243700
2022-08-10,77.58999633789062,77.9800033569336,77.19999694824219,77.54000091552734,75.07100677490234,5258500
2022-08-11,77.94999694824219,78.0,77.08000183105469,77.16000366210938,74.7031021118164,5554600
2022-08-12,78.0,79.41999816894531,77.66000366210938,79.1500015258789,76.6297378540039,6692300
2022-08-15,78.83999633789062,79.41999816894531,78.5,79.11000061035156,76.59101867675781,3733500
2022-08-16,78.9000015258789,79.66000366210938,78.8499984741211,79.5199966430664,76.9879379272461,6185100
2022-08-17,79.0,79.7699966430664,78.94999694824219,79.25,76.72655487060547,5185100
2022-08-18,79.27999877929688,79.87999725341797,79.01000213623047,79.31999969482422,76.7943344116211,4120500
2022-08-19,79.02999877929688,79.12999725341797,78.44000244140625,78.66000366210938,76.15534210205078,4679000
2022-08-22,77.93000030517578,77.93000030517578,76.16999816894531,76.45999908447266,74.02539825439453,5757700
2022-08-23,76.25,77.01000213623047,76.25,76.41000366210938,73.97698211669922,4432300
2022-08-24,76.47000122070312,76.55999755859375,76.05000305175781,76.16999816894531,73.74462890625,3876400
2022-08-25,76.33999633789062,76.91000366210938,75.9800033569336,76.88999938964844,74.44168853759766,3523400
2022-08-26,76.9800033569336,77.26000213623047,74.56999969482422,74.6500015258789,72.27303314208984,4904100
2022-08-29,74.11000061035156,74.86000061035156,74.06999969482422,74.19000244140625,71.82768249511719,4295500
2022-08-30,74.41999816894531,74.66999816894531,73.45999908447266,74.13999938964844,71.77925872802734,5099100
2022-08-31,74.45999908447266,75.1500015258789,74.04000091552734,74.1500015258789,71.78895568847656,8612900
2022-09-01,74.12000274658203,75.37000274658203,73.52999877929688,75.30000305175781,72.90233612060547,8139800
2022-09-02,75.73999786376953,76.7699966430664,74.4800033569336,74.68000030517578,72.30207824707031,11027700
2022-09-06,74.69999694824219,75.19000244140625,73.55000305175781,73.83000183105469,71.47913360595703,7090100
2022-09-07,73.68000030517578,74.66999816894531,73.41999816894531,74.48999786376953,72.11810302734375,5792600
2022-09-08,74.02999877929688,74.80000305175781,73.61000061035156,74.6500015258789,72.27303314208984,6897100
2022-09-09,74.6500015258789,76.01000213623047,74.44000244140625,75.91000366210938,73.4928970336914,7762400
2022-09-12,76.62999725341797,77.37999725341797,76.2699966430664,77.08000183105469,74.62564086914062,15628900
2022-09-13,76.05999755859375,79.41000366210938,75.77999877929688,76.04000091552734,73.61875915527344,29476500
2022-09-14,75.79000091552734,75.87000274658203,71.7699966430664,72.12000274658203,69.82357025146484,21601400
2022-09-15,71.5,72.08999633789062,69.75,70.23999786376953,68.00343322753906,12478100
2022-09-16,69.58000183105469,69.80000305175781,68.25,68.83000183105469,66.63834381103516,23412000
2022-09-19,68.19999694824219,69.12999725341797,67.91000366210938,69.06999969482422,66.87069702148438,8364000
2022-09-20,68.2699966430664,68.45999908447266,67.44999694824219,68.11000061035156,65.9412612915039,8624300
2022-09-21,68.70999908447266,68.87999725341797,66.73999786376953,66.75,64.62458038330078,6768200
2022-09-22,66.8499984741211,66.94000244140625,65.83999633789062,66.02999877929688,63.92750930786133,7190700
2022-09-23,65.3499984741211,65.44000244140625,63.869998931884766,64.55000305175781,62.494625091552734,9282500
2022-09-26,64.33000183105469,64.91999816894531,63.38999938964844,63.45000076293945,61.42965316772461,6897800
2022-09-27,64.16000366210938,64.4000015258789,62.040000915527344,62.41999816894531,60.43244171142578,9284800
2022-09-28,62.619998931884766,63.349998474121094,62.25,63.06999969482422,61.06175231933594,8549900
2022-09-29,62.290000915527344,62.599998474121094,60.779998779296875,61.400001525878906,59.44492721557617,8882100
2022-09-30,61.2599983215332,62.13999938964844,61.060001373291016,61.06999969482422,59.12543487548828,9794400
2022-10-03,60.9900016784668,63.2400016784668,60.810001373291016,63.08000183105469,61.07143020629883,9661400
2022-10-04,63.79999923706055,65.83000183105469,63.79999923706055,65.69000244140625,63.59832000732422,9892600
2022-10-05,65.33999633789062,67.19000244140625,64.9800033569336,66.63999938964844,64.51806640625,9201600
2022-10-06,66.33000183105469,66.80999755859375,65.22000122070312,65.30000305175781,63.22074508666992,6992000
2022-10-07,64.48999786376953,64.62000274658203,62.7400016784668,63.290000915527344,61.27474594116211,7137900
2022-10-10,63.61000061035156,63.900001525878906,62.02000045776367,62.56999969482422,60.577667236328125,6407200
2022-10-11,61.849998474121094,63.099998474121094,61.650001525878906,62.40999984741211,60.733375549316406,7376900
2022-10-12,62.619998931884766,64.27999877929688,62.16999816894531,63.779998779296875,62.06657028198242,9008600
2022-10-13,62.47999954223633,65.70999908447266,62.27000045776367,65.19999694824219,63.44841003417969,10147100
2022-10-14,65.72000122070312,66.61000061035156,64.20999908447266,64.30999755859375,62.58231735229492,8044500
2022-10-17,65.87999725341797,67.56999969482422,65.87000274658203,67.0199966430664,65.21952819824219,11368300
2022-10-18,68.0,68.58000183105469,66.33000183105469,67.02999877929688,65.22925567626953,6688600
2022-10-19,66.48999786376953,67.19000244140625,65.77999877929688,66.30000305175781,64.51886749267578,5506000
2022-10-20,67.52999877929688,69.91999816894531,67.19000244140625,69.25,67.3896255493164,17600500
2022-10-21,71.02999877929688,72.79000091552734,70.30999755859375,72.69999694824219,70.74693298339844,15652600
2022-10-24,72.93000030517578,73.69000244140625,71.77999877929688,72.91999816894531,70.96102142333984,11489400
2022-10-25,73.44999694824219,74.11000061035156,72.61000061035156,73.13999938964844,71.17510223388672,9137700
2022-10-26,72.61000061035156,75.72000122070312,72.55000305175781,74.81999969482422,72.80998229980469,10693600
2022-10-27,74.75,75.87999725341797,74.55000305175781,75.1500015258789,73.13111877441406,7053000
2022-10-28,75.30000305175781,77.68000030517578,75.30000305175781,77.36000061035156,75.28174591064453,8758100
2022-10-31,76.5,78.33000183105469,76.4000015258789,78.06999969482422,75.97266387939453,12349000
2022-11-01,78.5999984741211,79.2300033569336,76.33999633789062,77.11000061035156,75.0384521484375,7753000
2022-11-02,76.6500015258789,77.43000030517578,75.01000213623047,75.12000274658203,73.1019287109375,7524300
2022-11-03,74.72000122070312,75.69000244140625,74.05000305175781,75.02999877929688,73.01433563232422,6761200
2022-11-04,75.94000244140625,76.66999816894531,74.23999786376953,76.0,73.9582748413086,7219000
2022-11-07,76.11000061035156,77.08999633789062,75.48999786376953,76.73999786376953,74.67838287353516,5394300
2022-11-08,76.94999694824219,77.13999938964844,75.0199966430664,75.63999938964844,73.60794067382812,9104200
2022-11-09,75.37999725341797,76.54000091552734,75.0,75.66000366210938,73.6274185180664,6013700
2022-11-10,77.69999694824219,78.47000122070312,76.70999908447266,77.16999816894531,75.09683990478516,10437300
2022-11-11,77.12999725341797,77.88999938964844,76.56999969482422,77.73999786376953,75.65153503417969,7712900
2022-11-14,77.4800033569336,79.54000091552734,77.33000183105469,78.52999877929688,76.4203109741211,7153000
2022-11-15,78.93000030517578,80.68000030517578,78.01000213623047,79.18000030517578,77.05284881591797,7618500
2022-11-16,79.12000274658203,80.2300033569336,78.86000061035156,79.88999938964844,77.7437744140625,6011900
2022-11-17,79.16999816894531,79.58000183105469,78.19000244140625,79.19999694824219,77.07231140136719,5717300
2022-11-18,80.0,80.45999908447266,78.8499984741211,79.7300033569336,77.58808135986328,6107000
2022-11-21,79.56999969482422,80.0999984741211,78.9000015258789,79.81999969482422,77.67565155029297,5235400
2022-11-22,79.88999938964844,82.20999908447266,79.83000183105469,82.12000274658203,79.91387176513672,8796200
2022-11-23,82.12000274658203,82.91999816894531,81.77999877929688,82.55999755859375,80.34204864501953,6347900
2022-11-25,82.8499984741211,83.48999786376953,82.54000091552734,82.72000122070312,80.49774932861328,2754900
2022-11-28,82.11000061035156,82.13999938964844,81.06999969482422,81.38999938964844,79.20348358154297,5112200
2022-11-29,81.33000183105469,81.5,80.5199966430664,80.8499984741211,78.67798614501953,4928200
2022-11-30,80.47000122070312,83.18000030517578,80.0,83.02999877929688,80.7994155883789,9610300
2022-12-01,83.05000305175781,84.52999877929688,82.3499984741211,84.11000061035156,81.85041046142578,6127200
2022-12-02,83.19999694824219,83.62000274658203,82.58000183105469,83.3499984741211,81.1108169555664,4798900
2022-12-05,82.41000366210938,82.41999816894531,79.41000366210938,79.43000030517578,77.29612731933594,9102900
2022-12-06,79.3499984741211,79.81999969482422,78.05999755859375,78.91000366210938,76.79010772705078,7656100
2022-12-07,78.66999816894531,79.44000244140625,78.58000183105469,78.77999877929688,76.66358184814453,5105500
2022-12-08,79.12999725341797,80.20999908447266,78.52999877929688,80.06999969482422,77.91893768310547,5918700
2022-12-09,79.6500015258789,80.36000061035156,79.54000091552734,79.86000061035156,77.71458435058594,6850800
2022-12-12,80.30999755859375,81.41000366210938,79.94000244140625,81.27999877929688,79.09642791748047,15807600
2022-12-13,84.94000244140625,85.58000183105469,79.69999694824219,80.55999755859375,78.3957748413086,22812200
2022-12-14,80.80999755859375,82.88999938964844,80.56999969482422,81.81999969482422,79.6219253540039,11183100
2022-12-15,80.79000091552734,81.02999877929688,79.45999908447266,80.06999969482422,77.91893768310547,8196800
2022-12-16,79.95999908447266,80.45999908447266,79.4800033569336,79.58000183105469,77.44210052490234,19200700
2022-12-19,79.91999816894531,81.0999984741211,79.68000030517578,80.5,78.33738708496094,7738800
2022-12-20,80.5,81.48999786376953,80.3499984741211,80.94000244140625,78.76557159423828,6390200
2022-12-21,81.3499984741211,82.13999938964844,80.94000244140625,81.5,79.3105239868164,5932400
2022-12-22,80.94000244140625,81.16999816894531,79.43000030517578,80.48999786376953,78.3276596069336,8181400
2022-12-23,80.51000213623047,80.9000015258789,79.98999786376953,80.8499984741211,78.67798614501953,4129100
2022-12-27,80.87999725341797,81.47000122070312,80.61000061035156,80.9800033569336,78.80448913574219,4290700
2022-12-28,81.08999633789062,81.63999938964844,80.19000244140625,80.33000183105469,78.17195129394531,3794000
2022-12-29,80.97000122070312,81.80000305175781,80.69999694824219,81.4000015258789,79.21321105957031,3867800
2022-12-30,81.12999725341797,81.93000030517578,80.76000213623047,81.73999786376953,79.54405975341797,5375700
2023-01-03,82.47000122070312,83.83999633789062,82.26000213623047,83.72000122070312,81.47089385986328,8997500
2023-01-04,84.19999694824219,85.16999816894531,83.63999938964844,84.4800033569336,82.21045684814453,7836200
2023-01-05,85.0,85.4000015258789,83.22000122070312,84.30999755859375,82.0450439453125,7643800
2023-01-06,84.73999786376953,86.33999633789062,83.81999969482422,85.66000366210938,83.35877990722656,8641600
2023-01-09,86.83999633789062,87.58999633789062,86.16000366210938,86.41999816894531,84.4136962890625,7519700
2023-01-10,85.63999938964844,86.61000061035156,85.56999969482422,86.5,84.49182891845703,5703300
2023-01-11,87.37000274658203,88.66000366210938,87.08999633789062,88.5999984741211,86.5430908203125,8359700
2023-01-12,88.69999694824219,89.19999694824219,88.16999816894531,88.77999877929688,86.7188949584961,6071100
2023-01-13,87.94999694824219,89.47000122070312,87.66000366210938,89.19999694824219,87.12914276123047,5090800
2023-01-17,89.19000244140625,89.44000244140625,88.43000030517578,88.5999984741211,86.5430908203125,6550400
2023-01-18,88.5999984741211,88.62999725341797,86.5999984741211,86.70999908447266,84.69696044921875,6397700
2023-01-19,86.4000015258789,86.98999786376953,85.26000213623047,85.94000244140625,83.9448471069336,5597000
2023-01-20,86.02999877929688,87.37999725341797,85.5,87.25,85.22442626953125,5567300
2023-01-23,87.19000244140625,89.12999725341797,86.97000122070312,88.97000122070312,86.90450286865234,7390200
2023-01-24,89.05000305175781,90.0999984741211,88.0,89.69999694824219,87.61753845214844,7004600
2023-01-25,88.69999694824219,89.86000061035156,87.73999786376953,89.63999938964844,87.5589370727539,5896800
2023-01-26,89.88999938964844,90.48999786376953,89.08999633789062,89.83000183105469,87.7445297241211,7302800
2023-01-27,89.5,89.72000122070312,88.95999908447266,88.98999786376953,86.92402648925781,5676800
2023-01-30,88.47000122070312,88.62000274658203,86.98999786376953,87.3499984741211,85.32210540771484,6255300
2023-01-31,87.69000244140625,88.4800033569336,87.3499984741211,88.45999908447266,86.40634155273438,6200400
2023-02-01,88.37000274658203,90.6500015258789,88.20999908447266,90.05000305175781,87.95942687988281,6141300
2023-02-02,90.66000366210938,91.22000122070312,88.94999694824219,89.37999725341797,87.30497741699219,8269200
2023-02-03,88.47000122070312,90.26000213623047,88.2699966430664,89.62000274658203,87.5394058227539,5671800
2023-02-06,89.51000213623047,89.61000061035156,88.4000015258789,88.52999877929688,86.47471618652344,4097200
2023-02-07,87.87000274658203,88.0199966430664,86.30000305175781,87.73999786376953,85.70305633544922,9226000
2023-02-08,86.93000030517578,87.91999816894531,86.51000213623047,86.69000244140625,84.67742156982422,7624400
2023-02-09,87.13999938964844,87.9000015258789,86.33000183105469,86.6500015258789,84.63835144042969,4960300
2023-02-10,86.52999877929688,87.37999725341797,86.33999633789062,87.13999938964844,85.11698150634766,5318400
2023-02-13,87.27999877929688,89.44999694824219,87.19999694824219,89.41999816894531,87.34404754638672,5560900
2023-02-14,89.0,89.41000366210938,87.70999908447266,89.08999633789062,87.02171325683594,7484800
2023-02-15,88.8499984741211,89.20999908447266,88.02999877929688,88.33999633789062,86.28912353515625,4329900
2023-02-16,87.45999908447266,88.2699966430664,87.01000213623047,87.72000122070312,85.68351745605469,5942500
2023-02-17,87.19999694824219,87.43000030517578,86.51000213623047,87.27999877929688,85.25373840332031,6398400
2023-02-21,86.76000213623047,86.94000244140625,86.1500015258789,86.19999694824219,84.19879913330078,5260300
2023-02-22,86.68000030517578,87.18000030517578,85.9800033569336,86.31999969482422,84.3160171508789,5840100
2023-02-23,87.1500015258789,89.4800033569336,87.05999755859375,88.58000183105469,86.5235595703125,8637100
2023-02-24,87.30999755859375,88.88999938964844,87.13999938964844,88.66000366210938,86.60169982910156,7659200
2023-02-27,88.86000061035156,88.97000122070312,87.36000061035156,87.95999908447266,85.91795349121094,6748800
2023-02-28,87.69999694824219,88.01000213623047,87.18000030517578,87.4000015258789,85.37094116210938,7468000
2023-03-01,86.9000015258789,87.20999908447266,85.98999786376953,86.33999633789062,84.3355484008789,5119800
2023-03-02,86.05999755859375,87.27999877929688,85.87000274658203,86.97000122070312,84.950927734375,5293600
2023-03-03,87.31999969482422,89.29000091552734,87.08000183105469,89.25,87.1780014038086,5498500
2023-03-06,89.41000366210938,90.66999816894531,89.1500015258789,89.73999786376953,87.6566162109375,7424800
2023-03-07,89.58000183105469,90.08000183105469,88.05000305175781,88.36000061035156,86.30866241455078,5382400
2023-03-08,88.4000015258789,89.08999633789062,88.1500015258789,88.48999786376953,86.43563842773438,5159200
2023-03-09,88.33000183105469,89.63999938964844,86.52999877929688,86.87000274658203,84.8532485961914,10572300
2023-03-10,84.41000366210938,85.25,82.87999725341797,84.06999969482422,82.11824798583984,16029300
2023-03-13,83.31999969482422,85.52999877929688,82.04000091552734,84.93000030517578,82.95829010009766,10299800
2023-03-14,85.93000030517578,85.93000030517578,83.43000030517578,84.55999755859375,82.59686279296875,8732200
2023-03-15,83.08000183105469,83.37000274658203,82.12000274658203,82.9800033569336,81.05355834960938,11463000
2023-03-16,82.91999816894531,85.11000061035156,82.08000183105469,84.81999969482422,82.85084533691406,10148100
2023-03-17,85.0,85.9800033569336,84.61000061035156,85.26000213623047,83.28062438964844,13065800
2023-03-20,85.27999877929688,87.51000213623047,85.25,86.95999908447266,84.941162109375,9177300
2023-03-21,87.48999786376953,87.8499984741211,86.66000366210938,87.58000183105469,85.5467758178711,6683700
2023-03-22,87.54000091552734,89.16000366210938,87.44000244140625,87.9000015258789,85.85932922363281,7233700
2023-03-23,88.6500015258789,89.63999938964844,87.63999938964844,87.77999877929688,85.74211883544922,10747100
2023-03-24,87.9800033569336,88.4800033569336,87.51000213623047,88.01000213623047,85.96678924560547,5852100
2023-03-27,88.62000274658203,90.5,88.55000305175781,90.13999938964844,88.04733276367188,8170100
2023-03-28,90.22000122070312,90.87999725341797,89.4800033569336,89.8499984741211,87.76406860351562,6378900
2023-03-29,90.12999725341797,90.66000366210938,89.80999755859375,90.62000274658203,88.51619720458984,5233600
2023-03-30,90.8499984741211,91.18000030517578,89.70999908447266,90.51000213623047,88.40875244140625,5640700
2023-03-31,90.55999755859375,93.0,90.41000366210938,92.91999816894531,90.7627944946289,10476300
2023-04-03,92.37999725341797,94.0,92.08999633789062,93.91999816894531,91.73957824707031,8410900
2023-04-04,93.8499984741211,94.0199966430664,92.93000030517578,94.0,91.81770324707031,6651500
2023-04-05,93.62000274658203,95.11000061035156,93.4800033569336,94.88999938964844,92.68704986572266,7478800
2023-04-06,94.33000183105469,96.08000183105469,93.98999786376953,95.91999816894531,93.69314575195312,9146200
2023-04-10,94.68000030517578,95.11000061035156,93.55000305175781,93.76000213623047,91.96680450439453,8681500
2023-04-11,93.45999908447266,94.12999725341797,93.19999694824219,93.97000122070312,92.17279052734375,8196000
2023-04-12,94.37999725341797,95.31999969482422,93.5999984741211,93.9000015258789,92.1041259765625,8040300
2023-04-13,94.18000030517578,95.75,93.94000244140625,95.55000305175781,93.72257995605469,6240200
2023-04-14,95.5,95.98999786376953,94.68000030517578,95.70999908447266,93.87950897216797,6485100
2023-04-17,95.63999938964844,95.98999786376953,95.30999755859375,95.58999633789062,93.76180267333984,4772400
2023-04-18,96.0,96.73999786376953,95.7699966430664,96.47000122070312,94.62498474121094,7219400
2023-04-19,95.58999633789062,96.47000122070312,95.58999633789062,95.80999755859375,93.97759246826172,4766200
2023-04-20,96.0,96.1500015258789,94.5999984741211,94.83000183105469,93.0163345336914,5815500
2023-04-21,95.01000213623047,95.30999755859375,94.26000213623047,95.1500015258789,93.33021545410156,7335800
2023-04-24,95.33999633789062,96.08000183105469,94.97000122070312,95.44000244140625,93.61466979980469,4901700
2023-04-25,95.13999938964844,95.69999694824219,94.0199966430664,94.05999755859375,92.26107025146484,5768800
2023-04-26,93.75,94.80999755859375,93.33999633789062,93.70999908447266,91.91775512695312,6395500
2023-04-27,94.30999755859375,95.08999633789062,93.29000091552734,95.04000091552734,93.22233581542969,5615700
2023-04-28,94.2699966430664,95.4000015258789,94.23999786376953,94.72000122070312,92.90843963623047,8498500
2023-05-01,94.80000305175781,95.7300033569336,94.69999694824219,94.87000274658203,93.05558013916016,5459800
2023-05-02,94.93000030517578,95.23999786376953,93.8499984741211,94.80000305175781,92.98692321777344,5995100
2023-05-03,95.06999969482422,95.41999816894531,94.54000091552734,94.77999877929688,92.96729278564453,6744800
2023-05-04,94.9800033569336,95.12000274658203,94.41000366210938,94.97000122070312,93.1536636352539,5038200
2023-05-05,95.0,97.30999755859375,94.83000183105469,96.97000122070312,95.11541748046875,8062700
2023-05-08,97.08000183105469,97.27999877929688,96.44000244140625,96.79000091552734,94.93885040283203,5314800
2023-05-09,96.19999694824219,96.88999938964844,96.0999984741211,96.13999938964844,94.30128479003906,6333500
2023-05-10,96.79000091552734,97.68000030517578,96.26000213623047,97.5199966430664,95.6548843383789,5935300
2023-05-11,97.54000091552734,97.62999725341797,96.33999633789062,97.44000244140625,95.57643127441406,5144500
2023-05-12,97.61000061035156,97.91999816894531,96.93000030517578,97.8499984741211,95.97858428955078,4994700
2023-05-15,97.87000274658203,97.95999908447266,97.05000305175781,97.26000213623047,95.39986419677734,4443700
2023-05-16,97.16999816894531,98.8499984741211,96.91999816894531,98.25,96.37092590332031,6896500
2023-05-17,98.77999877929688,100.4000015258789,98.43000030517578,99.7699966430664,97.86184692382812,9436000
2023-05-18,99.7699966430664,102.45999908447266,99.7300033569336,102.33999633789062,100.38269805908203,10005700
2023-05-19,102.38999938964844,103.06999969482422,101.91999816894531,102.83999633789062,100.87313842773438,8558900
2023-05-22,102.4800033569336,103.0999984741211,101.7300033569336,101.7699966430664,99.82360076904297,5890500
2023-05-23,101.06999969482422,101.43000030517578,98.47000122070312,98.54000091552734,96.65538787841797,10047300
2023-05-24,97.94999694824219,98.87999725341797,97.29000091552734,98.31999969482422,96.43960571289062,6815900
2023-05-25,99.19999694824219,104.66000366210938,98.7699966430664,104.29000091552734,102.29542541503906,16729600
2023-05-26,104.3499984741211,106.2300033569336,104.02999877929688,104.08000183105469,102.08943176269531,13994100
2023-05-30,104.9000015258789,105.9800033569336,104.19000244140625,105.1500015258789,103.13896179199219,10296700
2023-05-31,104.47000122070312,106.48999786376953,104.1500015258789,105.94000244140625,103.91386413574219,13713500
2023-06-01,104.87999725341797,106.61000061035156,104.77999877929688,105.98999786376953,103.962890625,7835900
2023-06-02,106.5199966430664,106.7699966430664,105.75,105.88999938964844,103.86480712890625,8651600
2023-06-05,105.88999938964844,107.5999984741211,105.52999877929688,106.93000030517578,104.88493347167969,7442000
2023-06-06,106.80999755859375,107.48999786376953,106.1500015258789,107.0999984741211,105.05167388916016,7023000
2023-06-07,107.13999938964844,108.37000274658203,104.83999633789062,105.25,103.23704528808594,9842500
2023-06-08,105.66999816894531,107.79000091552734,105.3499984741211,107.4800033569336,105.42440032958984,9526700
2023-06-09,107.69999694824219,110.1500015258789,107.41000366210938,109.8499984741211,107.74906921386719,12580100
2023-06-12,114.33999633789062,117.51000213623047,114.33999633789062,116.43000030517578,114.20323944091797,39081500
2023-06-13,123.31999969482422,123.98999786376953,116.0199966430664,116.68000030517578,114.44845581054688,39190900
2023-06-14,116.5,122.51000213623047,115.73999786376953,122.2699966430664,119.93153381347656,26264200
2023-06-15,121.94999694824219,127.54000091552734,121.66000366210938,126.55000305175781,124.12967681884766,27476700
2023-06-16,127.13999938964844,127.4000015258789,125.1500015258789,125.45999908447266,123.0605239868164,19511500
2023-06-20,124.44999694824219,125.25,121.95999908447266,122.04000091552734,119.70594024658203,16273000
2023-06-21,121.94999694824219,123.36000061035156,120.36000061035156,122.0999984741211,119.7647933959961,17583000
2023-06-22,121.61000061035156,122.58999633789062,120.06999969482422,120.58000183105469,118.27386474609375,12203400
2023-06-23,119.58999633789062,119.9000015258789,118.13999938964844,118.63999938964844,116.37096405029297,19731600
2023-06-26,117.98999786376953,119.43000030517578,116.69999694824219,116.77999877929688,114.54653930664062,8987000
2023-06-27,116.56999969482422,118.45999908447266,116.26000213623047,117.83999633789062,115.58626556396484,6970400
2023-06-28,116.77999877929688,118.62000274658203,116.38999938964844,116.52999877929688,114.30130767822266,9240500
2023-06-29,115.6500015258789,117.80000305175781,114.62999725341797,117.77999877929688,115.52740478515625,9234300
2023-06-30,119.83999633789062,121.7300033569336,119.02999877929688,119.08999633789062,116.81236267089844,13700600
2023-07-03,118.01000213623047,118.25,116.83000183105469,117.1500015258789,114.90946197509766,4284700
2023-07-05,116.5199966430664,117.01000213623047,115.41000366210938,115.95999908447266,113.74221801757812,8466500
2023-07-06,114.66999816894531,115.80999755859375,114.63999938964844,115.44999694824219,113.24197387695312,7982800
2023-07-07,114.83999633789062,115.9800033569336,114.48999786376953,114.61000061035156,112.41804504394531,7000800
2023-07-10,114.27999877929688,115.02999877929688,113.66000366210938,114.37999725341797,112.19244384765625,6931000
2023-07-11,114.19999694824219,115.0,113.43000030517578,114.87999725341797,113.07833099365234,6118600
2023-07-12,115.66999816894531,118.08999633789062,115.63999938964844,116.0199966430664,114.20044708251953,11011600
2023-07-13,117.08999633789062,118.58000183105469,116.76000213623047,117.44999694824219,115.60801696777344,9359600
2023-07-14,118.18000030517578,119.97000122070312,117.68000030517578,119.2699966430664,117.39948272705078,7720900
2023-07-17,118.8499984741211,119.97000122070312,118.25,118.88999938964844,117.02543640136719,6735900
2023-07-18,118.77999877929688,121.29000091552734,117.80999755859375,120.7699966430664,118.87593841552734,8906700
2023-07-19,120.81999969482422,121.36000061035156,118.41999816894531,118.69000244140625,116.82857513427734,7609000
2023-07-20,117.48999786376953,119.05000305175781,115.2300033569336,115.87999725341797,114.06263732910156,12913000
2023-07-21,116.48999786376953,119.2699966430664,116.20999908447266,117.6500015258789,115.80488586425781,9157300
2023-07-24,117.94000244140625,118.54000091552734,116.7300033569336,118.06999969482422,116.21829986572266,6200400
2023-07-25,117.9800033569336,118.51000213623047,116.80999755859375,117.94999694824219,116.10017395019531,6266300
2023-07-26,117.41999816894531,117.62000274658203,115.0,115.5,113.6885986328125,8160000
2023-07-27,117.55000305175781,117.5999984741211,115.63999938964844,116.4000015258789,114.5744857788086,7843000
2023-07-28,116.68000030517578,117.30000305175781,115.6500015258789,115.98999786376953,114.17091369628906,6910400
2023-07-31,116.43000030517578,117.23999786376953,115.83000183105469,117.2300033569336,115.39147186279297,6703100
2023-08-01,116.91999816894531,118.04000091552734,116.4800033569336,117.91000366210938,116.0608139038086,5246000
2023-08-02,116.91999816894531,116.9800033569336,114.31999969482422,115.70999908447266,113.89530181884766,6387800
2023-08-03,115.23999786376953,116.16999816894531,114.26000213623047,114.55000305175781,112.75350189208984,5193800
2023-08-04,115.33999633789062,116.4000015258789,114.26000213623047,114.44000244140625,112.64522552490234,5577500
2023-08-07,115.47000122070312,116.37999725341797,115.06999969482422,116.0999984741211,114.27919006347656,7347000
2023-08-08,115.04000091552734,115.61000061035156,114.22000122070312,115.2300033569336,113.42284393310547,4694800
2023-08-09,115.33999633789062,115.70999908447266,112.33000183105469,113.0999984741211,111.32623291015625,6542400
2023-08-10,113.77999877929688,115.08999633789062,112.4800033569336,112.98999786376953,111.21797180175781,6004100
2023-08-11,112.38999938964844,113.4800033569336,111.12999725341797,113.05999755859375,111.28685760498047,5286300
2023-08-14,113.18000030517578,115.80999755859375,113.1500015258789,115.56999969482422,113.75749969482422,6494200
2023-08-15,115.44999694824219,118.05999755859375,114.83999633789062,117.29000091552734,115.45053100585938,10412200
2023-08-16,117.16000366210938,117.80999755859375,115.2699966430664,115.33999633789062,113.5311050415039,5722000
2023-08-17,115.73999786376953,116.77999877929688,114.36000061035156,114.87999725341797,113.07833099365234,6183900
2023-08-18,114.5,116.98999786376953,113.94999694824219,116.45999908447266,114.63355255126953,9411600
2023-08-21,116.9000015258789,117.3499984741211,115.19000244140625,116.58999633789062,114.76150512695312,5811200
2023-08-22,117.51000213623047,117.68000030517578,115.7300033569336,116.54000091552734,114.71228790283203,4961100
2023-08-23,117.0999984741211,120.44999694824219,112.11000061035156,117.83999633789062,115.99189758300781,16517300
2023-08-24,119.68000030517578,119.7300033569336,112.41000366210938,112.91000366210938,111.13922119140625,11995900
2023-08-25,112.91000366210938,116.1500015258789,112.73999786376953,116.05999755859375,114.23981475830078,8758100
2023-08-28,116.37000274658203,117.70999908447266,115.69999694824219,116.83999633789062,115.00757598876953,4514800
2023-08-29,120.94999694824219,121.20999908447266,118.52999877929688,120.6500015258789,118.75782775878906,11920500
2023-08-30,120.72000122070312,121.73999786376953,120.1500015258789,121.12000274658203,119.22046661376953,5601800
2023-08-31,121.0,121.9800033569336,120.12000274658203,120.38999938964844,118.50191497802734,9109800
2023-09-01,121.01000213623047,121.69000244140625,120.08999633789062,120.93000030517578,119.03343963623047,6189900
2023-09-05,122.44000244140625,124.27999877929688,121.18000030517578,123.9800033569336,122.03561401367188,11089600
2023-09-06,123.05999755859375,124.58000183105469,122.7300033569336,124.33000183105469,122.380126953125,8728500
2023-09-07,123.83000183105469,125.95999908447266,122.58999633789062,125.08999633789062,123.1281967163086,11864400
2023-09-08,124.80000305175781,126.69000244140625,124.3499984741211,126.31999969482422,124.33890533447266,10595500
2023-09-11,127.0199966430664,127.41999816894531,124.72000122070312,126.70999908447266,124.72279357910156,22155600
2023-09-12,112.08000183105469,113.30000305175781,107.30000305175781,109.61000061035156,107.8909683227539,68605700
2023-09-13,108.31999969482422,112.94000244140625,108.19999694824219,111.83999633789062,110.08599090576172,27171000
2023-09-14,113.5,115.13999938964844,111.94999694824219,113.66000366210938,111.87745666503906,19849700
2023-09-15,114.19000244140625,115.19999694824219,112.5,113.91000366210938,112.12354278564453,23209500
2023-09-18,113.41999816894531,114.47000122070312,111.58000183105469,112.20999908447266,110.4501953125,11744100
2023-09-19,112.4800033569336,113.73999786376953,111.70999908447266,112.7699966430664,111.00140380859375,9536100
2023-09-20,112.80999755859375,114.69999694824219,112.45999908447266,112.87000274658203,111.09984588623047,8777100
2023-09-21,111.51000213623047,112.5,109.33000183105469,109.43000030517578,107.71379852294922,12645800
2023-09-22,109.98999786376953,110.5999984741211,108.51000213623047,109.02999877929688,107.320068359375,11150000
2023-09-25,108.44999694824219,108.6500015258789,107.5,108.30000305175781,106.60151672363281,8410000
2023-09-26,107.13999938964844,107.4000015258789,104.30999755859375,104.87999725341797,103.23515319824219,13209000
2023-09-27,105.0,105.27999877929688,103.3499984741211,104.62000274658203,102.97924041748047,8916400
2023-09-28,104.02999877929688,106.5999984741211,103.2699966430664,106.1500015258789,104.48524475097656,7373600
2023-09-29,107.11000061035156,107.37000274658203,105.37999725341797,105.91999816894531,104.25883483886719,7296100
2023-10-02,105.80999755859375,106.7300033569336,105.29000091552734,106.70999908447266,105.03645324707031,5963500
2023-10-03,106.41999816894531,106.5,103.54000091552734,104.5199966430664,102.88079071044922,8783300
2023-10-04,104.95999908447266,107.30000305175781,104.5,107.08000183105469,105.40065002441406,8842700
2023-10-05,106.97000122070312,108.44000244140625,106.19000244140625,108.3499984741211,106.6507339477539,7651500
2023-10-06,107.93000030517578,110.52999877929688,107.58000183105469,109.95999908447266,108.23548126220703,8245600
2023-10-09,110.75,110.97000122070312,109.47000122070312,110.31999969482422,108.58983612060547,6012400
2023-10-10,110.20999908447266,111.05999755859375,109.62000274658203,109.70999908447266,107.98941040039062,6910400
2023-10-11,109.51000213623047,110.05999755859375,108.83000183105469,109.63999938964844,108.31541442871094,5641700
2023-10-12,109.94999694824219,110.91999816894531,108.87999725341797,109.11000061035156,107.79181671142578,6598500
2023-10-13,109.19000244140625,109.51000213623047,107.79000091552734,108.25,106.94221496582031,5879400
2023-10-16,108.94999694824219,109.58999633789062,108.30999755859375,108.70999908447266,107.39664459228516,5488000
2023-10-17,107.58000183105469,109.79000091552734,106.9000015258789,109.04000091552734,107.72267150878906,5261800
2023-10-18,108.4000015258789,109.7300033569336,107.86000061035156,108.25,106.94221496582031,5123900
2023-10-19,108.62999725341797,110.22000122070312,108.19000244140625,108.33999633789062,107.03112030029297,7989200
2023-10-20,106.98999786376953,107.04000091552734,100.66000366210938,101.8499984741211,100.61952209472656,21828800
2023-10-23,102.04000091552734,104.69000244140625,102.01000213623047,103.66000366210938,102.40766906738281,10722600
2023-10-24,103.94999694824219,104.45999908447266,102.5,103.19999694824219,101.95321655273438,6174000
2023-10-25,102.69999694824219,103.66999816894531,101.01000213623047,101.43000030517578,100.20460510253906,7081700
2023-10-26,101.69000244140625,102.38999938964844,99.87000274658203,100.4000015258789,99.18704986572266,7565600
2023-10-27,101.0,102.08999633789062,100.58999633789062,100.98999786376953,99.7699203491211,5207900
2023-10-30,101.13999938964844,102.41000366210938,100.81999969482422,101.6500015258789,100.42195129394531,5433700
2023-10-31,102.01000213623047,103.5199966430664,101.0999984741211,103.4000015258789,102.15081024169922,6258400
2023-11-01,103.80000305175781,106.19999694824219,103.80000305175781,105.75,104.47241973876953,8602400
2023-11-02,106.44999694824219,107.22000122070312,105.56999969482422,106.87000274658203,105.57888793945312,5918300
2023-11-03,107.16999816894531,109.06999969482422,106.62000274658203,108.05000305175781,106.74462890625,7278500
2023-11-06,108.05999755859375,109.20999908447266,107.44000244140625,109.11000061035156,107.79181671142578,6062800
2023-11-07,109.98999786376953,110.37999725341797,108.58000183105469,108.98999786376953,107.67326354980469,7412600
2023-11-08,109.2300033569336,112.55999755859375,109.19000244140625,112.33000183105469,110.9729232788086,10994900
2023-11-09,112.4000015258789,113.30999755859375,111.61000061035156,112.18000030517578,110.8247299194336,6853900
2023-11-10,112.08999633789062,113.18000030517578,111.13999938964844,113.06999969482422,111.70397186279297,5233900
2023-11-13,113.06999969482422,114.48999786376953,112.77999877929688,114.1500015258789,112.77093505859375,5740500
2023-11-14,114.86000061035156,116.45999908447266,114.44999694824219,116.0999984741211,114.69737243652344,6733700
2023-11-15,116.1500015258789,116.30999755859375,113.93000030517578,114.05999755859375,112.6820068359375,7386200
2023-11-16,113.76000213623047,115.87000274658203,113.47000122070312,114.66999816894531,113.28463745117188,7476100
2023-11-17,114.61000061035156,115.63999938964844,114.16000366210938,115.36000061035156,113.96630859375,4791300
2023-11-20,115.6500015258789,117.1500015258789,115.51000213623047,116.91999816894531,115.5074691772461,5728300
2023-11-21,117.20999908447266,117.66999816894531,115.68000030517578,116.08000183105469,114.67761993408203,5995300
2023-11-22,116.69999694824219,117.29000091552734,115.51000213623047,116.23999786376953,114.8356704711914,4343700
2023-11-24,116.48999786376953,116.58999633789062,115.33999633789062,116.25,114.8455581665039,2168200
2023-11-27,116.01000213623047,116.7699966430664,115.44999694824219,116.47000122070312,115.06290435791016,5165300
2023-11-28,116.0,116.80000305175781,115.87000274658203,116.23999786376953,114.8356704711914,4892600
2023-11-29,117.33999633789062,117.58000183105469,115.95999908447266,116.20999908447266,114.80603790283203,6127200
2023-11-30,116.86000061035156,117.2300033569336,115.18000030517578,116.20999908447266,114.80603790283203,11075600
2023-12-01,116.06999969482422,117.3499984741211,115.26000213623047,117.16000366210938,115.74456024169922,5738000
2023-12-04,116.2699966430664,116.68000030517578,114.55000305175781,115.77999877929688,114.38124084472656,5587500
2023-12-05,114.56999969482422,115.2699966430664,113.80999755859375,114.52999877929688,113.1463394165039,5913600
2023-12-06,114.94000244140625,114.98999786376953,111.93000030517578,112.02999877929688,110.67654418945312,7815700
2023-12-07,112.41000366210938,113.02999877929688,111.80999755859375,112.87000274658203,111.50639343261719,6772800
2023-12-08,112.01000213623047,113.63999938964844,111.58999633789062,113.61000061035156,112.23745727539062,7753900
2023-12-11,113.7699966430664,115.3499984741211,113.61000061035156,115.12999725341797,113.73908233642578,19544200
2023-12-12,102.69999694824219,104.94999694824219,100.69000244140625,100.80999755859375,99.59209442138672,57666500
2023-12-13,101.08000183105469,103.0999984741211,99.26000213623047,102.98999786376953,101.74575805664062,29392200
2023-12-14,101.87000274658203,102.25,99.87000274658203,100.30999755859375,99.09812927246094,22865200
2023-12-15,99.69000244140625,103.98999786376953,99.36000061035156,103.31999969482422,102.07176971435547,30198200
2023-12-18,103.41000366210938,106.16000366210938,102.91000366210938,105.0,103.73147583007812,13473100
2023-12-19,104.9800033569336,106.33999633789062,104.80000305175781,106.25,104.96636962890625,10108500
2023-12-20,105.94999694824219,106.08999633789062,104.05000305175781,104.1500015258789,102.89175415039062,9242000
2023-12-21,104.69999694824219,105.93000030517578,104.5199966430664,105.86000061035156,104.58108520507812,8168000
2023-12-22,105.69999694824219,106.48999786376953,105.45999908447266,106.19999694824219,104.9169692993164,5678300
2023-12-26,106.5199966430664,106.6500015258789,105.33999633789062,106.19000244140625,104.9071044921875,5767400
2023-12-27,106.31999969482422,106.33000183105469,105.55999755859375,105.94000244140625,104.66011810302734,5627400
2023-12-28,106.01000213623047,106.61000061035156,105.58000183105469,106.25,104.96636962890625,5689100
2023-12-29,106.5999984741211,106.91999816894531,104.77999877929688,105.43000030517578,104.15628814697266,6897200
2024-01-02,104.5199966430664,104.68000030517578,102.44000244140625,104.05999755859375,102.80282592773438,9597500
2024-01-03,103.30000305175781,103.37999725341797,101.73999786376953,102.45999908447266,101.22215270996094,9455600
2024-01-04,102.7699966430664,103.36000061035156,102.4000015258789,102.58999633789062,101.3505859375,6822300
2024-01-05,102.52999877929688,103.72000122070312,102.29000091552734,102.7300033569336,101.48889923095703,6131500
2024-01-08,102.94000244140625,104.7699966430664,102.12999725341797,104.66000366210938,103.39558410644531,7038700
2024-01-09,103.8499984741211,104.4800033569336,103.29000091552734,103.62999725341797,102.37802124023438,6725200
2024-01-10,103.08999633789062,104.06999969482422,102.72000122070312,103.91999816894531,103.06232452392578,7270500
2024-01-11,104.3499984741211,104.83999633789062,103.54000091552734,104.7699966430664,103.90530395507812,6119000
2024-01-12,105.0999984741211,106.69999694824219,104.97000122070312,106.5999984741211,105.72021484375,9696700
2024-01-16,106.41000366210938,106.66000366210938,105.41999816894531,106.56999969482422,105.69046020507812,7547200
2024-01-17,106.45999908447266,107.5,105.68000030517578,106.43000030517578,105.5516128540039,7771500
2024-01-18,106.98999786376953,108.87999725341797,106.62000274658203,108.69999694824219,107.80287170410156,10362300
2024-01-19,109.31999969482422,110.22000122070312,109.0199966430664,109.66999816894531,108.7648696899414,11121300
2024-01-22,110.05999755859375,110.69000244140625,109.2699966430664,110.0999984741211,109.19132232666016,7485300
2024-01-23,110.29000091552734,112.68000030517578,109.55999755859375,111.83000183105469,110.90705108642578,9185900
2024-01-24,113.41999816894531,115.41999816894531,113.33000183105469,114.30999755859375,113.3665771484375,11702700
2024-01-25,114.88999938964844,116.18000030517578,114.3499984741211,115.0,114.05088806152344,8877200
2024-01-26,114.63999938964844,115.4800033569336,114.2699966430664,114.63999938964844,113.69385528564453,5541800
2024-01-29,114.19000244140625,114.58999633789062,113.01000213623047,113.75,112.81120300292969,7014400
2024-01-30,113.36000061035156,114.4000015258789,112.62999725341797,114.16000366210938,113.21781921386719,8231900
2024-01-31,113.80999755859375,114.2699966430664,111.66999816894531,111.69999694824219,110.77811431884766,7386700
2024-02-01,112.91000366210938,115.77999877929688,112.55000305175781,115.52999877929688,114.57650756835938,7882200
2024-02-02,115.81999969482422,116.48999786376953,115.16000366210938,115.79000091552734,114.83436584472656,6499400
2024-02-05,115.52999877929688,116.72000122070312,114.7699966430664,116.38999938964844,115.42941284179688,8084500
2024-02-06,116.73999786376953,116.94999694824219,114.9800033569336,115.30000305175781,114.34841918945312,4637500
2024-02-07,115.80000305175781,117.58999633789062,115.30000305175781,117.2699966430664,116.3021469116211,7672900
2024-02-08,117.08999633789062,117.79000091552734,115.97000122070312,116.68000030517578,115.7170181274414,4472800
2024-02-09,117.05999755859375,117.33999633789062,115.7300033569336,116.63999938964844,115.67735290527344,5787100
2024-02-12,116.26000213623047,117.0999984741211,115.37999725341797,115.83999633789062,114.88394927978516,5439600
2024-02-13,113.79000091552734,114.20999908447266,113.0,113.68000030517578,112.74178314208984,8171700
2024-02-14,114.31999969482422,114.72000122070312,113.52999877929688,114.26000213623047,113.31698608398438,5946100
2024-02-15,114.25,114.30999755859375,112.56999969482422,112.77999877929688,111.84920501708984,8455600
2024-02-16,113.0199966430664,113.11000061035156,111.25,111.30999755859375,110.3913345336914,8931100
2024-02-20,110.54000091552734,110.7699966430664,107.68000030517578,108.44999694824219,107.55494689941406,10975600
2024-02-21,106.76000213623047,108.37999725341797,106.51000213623047,108.16000366210938,107.26734161376953,7867600
2024-02-22,111.48999786376953,111.88999938964844,109.66000366210938,111.01000213623047,110.09381103515625,8957800
2024-02-23,112.0,113.37000274658203,111.70999908447266,111.94999694824219,111.02605438232422,7504500
2024-02-26,112.0,112.54000091552734,110.93000030517578,110.97000122070312,110.05414581298828,6342900
2024-02-27,110.62000274658203,111.51000213623047,109.79000091552734,111.37999725341797,110.46075439453125,6593100
2024-02-28,111.26000213623047,112.0199966430664,111.0999984741211,111.68000030517578,110.75828552246094,5278300
2024-02-29,111.68000030517578,112.44000244140625,110.63999938964844,111.68000030517578,110.75828552246094,12193900
2024-03-01,111.68000030517578,113.94000244140625,111.5199966430664,113.77999877929688,112.84095764160156,7603700
2024-03-04,113.58000183105469,114.5999984741211,113.38999938964844,114.05999755859375,113.11863708496094,6588100
2024-03-05,112.81999969482422,113.19999694824219,110.37000274658203,110.94000244140625,110.02439880371094,8242000
2024-03-06,111.5,113.05000305175781,110.66999816894531,112.2699966430664,111.34341430664062,6706400
2024-03-07,113.94000244140625,114.80000305175781,112.29000091552734,114.54000091552734,113.59468078613281,7670100
2024-03-08,114.06999969482422,114.33000183105469,111.54000091552734,112.41999816894531,111.49217987060547,8304100
2024-03-11,111.61000061035156,114.75,111.18000030517578,114.12999725341797,113.18806457519531,20438300
2024-03-12,126.26000213623047,129.3699951171875,124.5999984741211,127.54000091552734,126.48738861083984,48536100
2024-03-13,128.0,128.8000030517578,124.83000183105469,125.5199966430664,124.48406219482422,15870300
2024-03-14,127.2300033569336,127.80000305175781,124.94000244140625,125.52999877929688,124.49397277832031,10965900
2024-03-15,124.04000091552734,126.01000213623047,123.55999755859375,125.54000091552734,124.50389099121094,17841600
2024-03-18,127.19999694824219,128.9499969482422,126.87999725341797,127.80000305175781,126.74524688720703,12231400
2024-03-19,127.75,129.2100067138672,126.48999786376953,129.19000244140625,128.12376403808594,10221000
2024-03-20,129.97999572753906,130.69000244140625,128.27000427246094,129.24000549316406,128.17337036132812,8373300
2024-03-21,130.52000427246094,132.77000427246094,128.9499969482422,129.00999450683594,127.94525909423828,17842400
2024-03-22,129.00999450683594,129.2100067138672,127.55000305175781,127.79000091552734,126.73533630371094,6655800
2024-03-25,127.66999816894531,127.66999816894531,126.05000305175781,126.08000183105469,125.03944396972656,7446100
2024-03-26,126.75,126.94000244140625,125.83999633789062,126.47000122070312,125.42622375488281,7063900
2024-03-27,127.33000183105469,127.81999969482422,124.47000122070312,125.2699966430664,124.23612213134766,8115900
2024-03-28,125.38999938964844,126.16999816894531,125.19999694824219,125.61000061035156,124.57332611083984,6587400
2024-04-01,125.54000091552734,126.2699966430664,124.55999755859375,125.4800033569336,124.44438934326172,4133600
2024-04-02,124.51000213623047,124.93000030517578,123.43000030517578,124.33999633789062,123.31379699707031,4862400
2024-04-03,124.26000213623047,126.41000366210938,124.05999755859375,126.23999786376953,125.1981201171875,7430000
2024-04-04,127.5999984741211,127.98999786376953,124.02999877929688,124.19000244140625,123.1650390625,7588300
2024-04-05,124.41999816894531,126.0,124.13999938964844,124.9000015258789,123.86917877197266,4898100
2024-04-08,125.0,125.12000274658203,123.76000213623047,124.3499984741211,123.32371520996094,6119200
2024-04-09,124.3499984741211,124.75,121.23999786376953,123.2300033569336,122.60736083984375,5564900
2024-04-10,121.3499984741211,123.08000183105469,121.31999969482422,121.75,121.13483428955078,4509900
2024-04-11,121.72000122070312,123.81999969482422,121.36000061035156,123.23999786376953,122.6173095703125,7315200
2024-04-12,121.73999786376953,121.83999633789062,120.41999816894531,121.11000061035156,120.4980697631836,6189600
2024-04-15,122.18000030517578,122.47000122070312,119.44000244140625,119.87999725341797,119.27428436279297,5101500
2024-04-16,120.08999633789062,121.44000244140625,119.75,120.62000274658203,120.01054382324219,7000000
2024-04-17,120.9800033569336,121.04000091552734,118.61000061035156,118.66999816894531,118.07039642333984,5366600
2024-04-18,118.76000213623047,118.76000213623047,115.69999694824219,116.0,115.41388702392578,6662400
2024-04-19,116.12000274658203,116.7699966430664,114.45999908447266,114.87999725341797,114.29954528808594,8250300
2024-04-22,116.02999877929688,116.33999633789062,114.33999633789062,114.52999877929688,113.9513168334961,7125500
2024-04-23,115.16999816894531,115.86000061035156,114.75,115.08999633789062,114.50847625732422,5494800
2024-04-24,115.37999725341797,115.7300033569336,113.87999725341797,115.33999633789062,114.75721740722656,5791800
2024-04-25,113.62999725341797,114.98999786376953,112.77999877929688,114.88999938964844,114.30949401855469,6796600
2024-04-26,117.04000091552734,119.20999908447266,116.1500015258789,117.20999908447266,116.6177749633789,8355100
2024-04-29,116.98999786376953,117.30999755859375,115.29000091552734,116.48999786376953,115.90141296386719,4994100
2024-04-30,115.08999633789062,115.5199966430664,113.69000244140625,113.75,113.17525482177734,6234700
2024-05-01,113.91000366210938,116.76000213623047,113.6500015258789,114.62999725341797,114.05081176757812,5583600
2024-05-02,115.2300033569336,115.80999755859375,114.26000213623047,114.95999908447266,114.37914276123047,5001000
2024-05-03,115.9800033569336,116.20999908447266,115.06999969482422,115.80000305175781,115.21490478515625,4485000
2024-05-06,116.33000183105469,118.36000061035156,116.18000030517578,118.33999633789062,117.7420654296875,6052400
2024-05-07,118.0,119.12999725341797,117.29000091552734,117.93000030517578,117.33413696289062,6437700
2024-05-08,117.70999908447266,117.9800033569336,117.11000061035156,117.38999938964844,116.79686737060547,4636000
2024-05-09,117.38999938964844,117.7300033569336,116.5,116.63999938964844,116.0506591796875,3236200
2024-05-10,117.1500015258789,117.62999725341797,115.91000366210938,116.66999816894531,116.08050537109375,4122500
2024-05-13,117.12999725341797,117.19000244140625,116.19999694824219,116.37000274658203,115.78202056884766,4140000
2024-05-14,116.5,122.55000305175781,116.12999725341797,120.87000274658203,120.25928497314453,17811200
2024-05-15,120.16999816894531,122.08999633789062,119.66999816894531,121.62999725341797,121.01543426513672,6604600
2024-05-16,121.94000244140625,122.44999694824219,121.20999908447266,122.16000366210938,121.54276275634766,5159300
2024-05-17,123.18000030517578,123.58000183105469,122.08000183105469,123.5,122.87599182128906,6179400
2024-05-20,123.80000305175781,124.68000030517578,123.23999786376953,124.5199966430664,123.89083099365234,5989000
2024-05-21,124.45999908447266,125.36000061035156,123.91999816894531,124.62999725341797,124.00028228759766,5549500
2024-05-22,124.62999725341797,125.16000366210938,123.30000305175781,124.5999984741211,123.9704360961914,5705000
2024-05-23,126.55000305175781,126.69999694824219,123.16000366210938,124.08999633789062,123.4630126953125,6108600
2024-05-24,123.41999816894531,123.51000213623047,121.41999816894531,122.91000366210938,122.28897857666016,7166100
2024-05-28,123.23999786376953,124.81999969482422,123.01000213623047,124.48999786376953,123.8609848022461,6911400
2024-05-29,122.98999786376953,123.91999816894531,122.7699966430664,123.73999786376953,123.11478424072266,4735100
2024-05-30,120.16999816894531,121.44000244140625,117.02999877929688,117.08999633789062,116.49837493896484,10851600
2024-05-31,116.58999633789062,117.41999816894531,114.55000305175781,117.19000244140625,116.5978775024414,12755600
2024-06-03,117.52999877929688,119.33000183105469,117.33999633789062,119.27999877929688,118.67731475830078,7256300
2024-06-04,119.0199966430664,120.37000274658203,118.72000122070312,120.06999969482422,119.46332550048828,7368000
2024-06-05,121.6500015258789,122.79000091552734,120.51000213623047,122.62999725341797,122.01038360595703,5973700
2024-06-06,122.87999725341797,124.2699966430664,122.25,123.5,122.87599182128906,7347200
2024-06-07,124.20999908447266,126.22000122070312,123.2699966430664,125.91999816894531,125.28376770019531,11545000
2024-06-10,125.7300033569336,126.94999694824219,124.05000305175781,124.5,123.87094116210938,10190400
2024-06-11,124.05000305175781,124.83000183105469,122.29000091552734,123.87999725341797,123.25407409667969,18373900
2024-06-12,134.69000244140625,140.9600067138672,133.9600067138672,140.3800048828125,139.67071533203125,40871300
2024-06-13,140.42999267578125,142.39999389648438,138.77000427246094,139.85000610351562,139.1433868408203,13733200
2024-06-14,139.25999450683594,139.97000122070312,137.3800048828125,138.1300048828125,137.4320831298828,11330800
2024-06-17,138.8000030517578,141.44000244140625,138.25,141.30999755859375,140.59600830078125,11232800
2024-06-18,141.22000122070312,145.05999755859375,141.22000122070312,144.63999938964844,143.9091796875,11629400
2024-06-20,145.32000732421875,145.32000732421875,141.9499969482422,142.91000366210938,142.18792724609375,8940000
2024-06-21,143.72000122070312,143.72000122070312,140.44000244140625,141.5,140.78504943847656,14930900
2024-06-24,140.0,141.52999877929688,139.1199951171875,139.88999938964844,139.1831817626953,7793300
2024-06-25,139.0,139.5500030517578,137.55999755859375,139.1699981689453,138.46682739257812,8469600
2024-06-26,139.49000549316406,140.75,138.0800018310547,138.22999572753906,137.5315704345703,8036300
2024-06-27,139.25,141.4199981689453,138.80999755859375,140.17999267578125,139.47171020507812,7518200
2024-06-28,139.44000244140625,142.82000732421875,139.27000427246094,141.1999969482422,140.48655700683594,25814800
2024-07-01,141.69000244140625,144.05999755859375,141.07000732421875,143.08999633789062,142.36700439453125,6552400
2024-07-02,142.6300048828125,144.22000122070312,142.5500030517578,143.27999877929688,142.55604553222656,5920500
2024-07-03,143.75,144.64999389648438,143.5,144.3800048828125,143.65049743652344,3560800
2024-07-05,144.9499969482422,145.7899932861328,144.02000427246094,144.8300018310547,144.0982208251953,5365500
2024-07-08,144.75999450683594,145.22999572753906,143.42999267578125,145.02999877929688,144.29721069335938,8622600
2024-07-09,145.1300048828125,145.6999969482422,138.0,140.67999267578125,139.9691925048828,14334200
2024-07-10,141.1199951171875,142.3800048828125,139.74000549316406,142.07000732421875,141.3521728515625,6350300
2024-07-11,142.36000061035156,143.47999572753906,141.67999267578125,142.75999450683594,142.43971252441406,5245100
2024-07-12,142.7100067138672,145.1300048828125,141.25999450683594,144.77000427246094,144.44520568847656,7361800
2024-07-15,145.72999572753906,146.58999633789062,141.9199981689453,143.07000732421875,142.7490234375,8687800
2024-07-16,143.07000732421875,143.5,142.0500030517578,142.61000061035156,142.29005432128906,7181500
2024-07-17,140.47999572753906,141.7899932861328,138.67999267578125,139.25999450683594,138.9475555419922,9157000
2024-07-18,139.36000061035156,140.05999755859375,137.1999969482422,138.02999877929688,137.72032165527344,5998700
2024-07-19,138.35000610351562,140.44000244140625,138.0800018310547,138.55999755859375,138.24913024902344,6111900
2024-07-22,139.74000549316406,140.67999267578125,139.1199951171875,140.1699981689453,139.85552978515625,5387200
2024-07-23,141.3000030517578,143.22000122070312,141.2100067138672,143.11000061035156,142.78892517089844,6697400
2024-07-24,141.6999969482422,142.66000366210938,138.39999389648438,138.77000427246094,138.4586639404297,8018800
2024-07-25,140.14999389648438,141.07000732421875,137.6999969482422,137.82000732421875,137.51080322265625,7654600
2024-07-26,138.8699951171875,139.9600067138672,138.3800048828125,139.00999450683594,138.6981201171875,5139400
2024-07-29,139.27000427246094,139.77999877929688,137.82000732421875,138.30999755859375,137.99969482421875,4054600
2024-07-30,139.07000732421875,139.57000732421875,134.9600067138672,135.6699981689453,135.36561584472656,6505700
2024-07-31,139.69000244140625,141.5500030517578,138.66000366210938,139.4499969482422,139.1371307373047,7188000
2024-08-01,139.2899932861328,140.38999938964844,135.77000427246094,137.50999450683594,137.2014923095703,5906800
2024-08-02,132.77000427246094,134.3000030517578,131.8000030517578,133.27999877929688,132.98098754882812,8251600
2024-08-05,127.88999938964844,129.97000122070312,126.66000366210938,127.86000061035156,127.5731430053711,10355000
2024-08-06,130.5399932861328,131.0399932861328,128.0800018310547,128.2100067138672,127.92236328125,8373900
2024-08-07,128.9199981689453,130.3000030517578,125.75,125.9000015258789,125.61754608154297,8617700
2024-08-08,128.0,129.82000732421875,127.6500015258789,128.9600067138672,128.67068481445312,6243200
2024-08-09,128.39999389648438,132.3699951171875,128.33999633789062,132.05999755859375,131.7637176513672,5597300
2024-08-12,132.25,132.7100067138672,131.2100067138672,132.5800018310547,132.28256225585938,5600800
2024-08-13,132.97000122070312,134.5399932861328,132.80999755859375,134.25999450683594,133.9587860107422,4324000
2024-08-14,134.0399932861328,135.97000122070312,134.00999450683594,135.60000610351562,135.29579162597656,4044600
2024-08-15,136.92999267578125,137.25,135.72000122070312,136.92999267578125,136.62278747558594,4698100
2024-08-16,136.7899932861328,137.82000732421875,136.38999938964844,137.47000122070312,137.16159057617188,4893800
2024-08-19,137.52999877929688,137.9499969482422,136.4600067138672,137.9199981689453,137.61056518554688,3641600
2024-08-20,137.82000732421875,139.7899932861328,137.82000732421875,139.1699981689453,138.85777282714844,3738300
2024-08-21,138.8000030517578,140.3000030517578,138.5500030517578,140.1999969482422,139.8854522705078,3776800
2024-08-22,140.6999969482422,141.0800018310547,137.64999389648438,138.0800018310547,137.7702178955078,5162200
2024-08-23,138.72999572753906,139.7899932861328,137.25999450683594,139.19000244140625,138.8777313232422,4544600
2024-08-26,139.38999938964844,139.39999389648438,138.19000244140625,138.89999389648438,138.58836364746094,2729600
2024-08-27,137.85000610351562,139.5,137.74000549316406,138.47999572753906,138.1693115234375,3872200
2024-08-28,138.8300018310547,138.9499969482422,136.91000366210938,137.8800048828125,137.57066345214844,3022600
2024-08-29,139.13999938964844,141.16000366210938,138.85000610351562,139.4199981689453,139.10720825195312,4588400
2024-08-30,140.3300018310547,141.72000122070312,140.10000610351562,141.2899932861328,140.97300720214844,7980700
2024-09-03,140.4499969482422,142.1999969482422,138.8300018310547,139.5,139.18702697753906,6831200
2024-09-04,138.44000244140625,141.10000610351562,137.9499969482422,140.75,140.43421936035156,6243300
2024-09-05,141.39999389648438,143.27999877929688,140.30999755859375,142.61000061035156,142.29005432128906,8733200
2024-09-06,143.7899932861328,143.94000244140625,139.39999389648438,141.80999755859375,141.49183654785156,11154800
2024-09-09,142.49000549316406,143.3000030517578,139.50999450683594,139.88999938964844,139.57615661621094,20233400
2024-09-10,154.22999572753906,160.52000427246094,153.1199951171875,155.88999938964844,155.54025268554688,37374200
2024-09-11,156.77999877929688,159.44000244140625,154.83999633789062,157.17999267578125,156.82736206054688,12630100
2024-09-12,159.0399932861328,162.33999633789062,157.89999389648438,161.3800048828125,161.0179443359375,16352000
2024-09-13,173.6999969482422,173.94000244140625,161.0,162.02999877929688,161.66648864746094,25727800
2024-09-16,164.99000549316406,173.99000549316406,164.50999450683594,170.3300018310547,169.94786071777344,27384400
2024-09-17,170.27999877929688,170.63999938964844,166.77000427246094,167.47000122070312,167.0942840576172,12580100
2024-09-18,167.6199951171875,167.6199951171875,163.72999572753906,164.52999877929688,164.16087341308594,12274400
2024-09-19,167.25,168.16000366210938,164.50999450683594,167.58999633789062,167.21400451660156,10075900
2024-09-20,167.1300048828125,168.8300018310547,166.60000610351562,168.0,167.6230926513672,12187700
2024-09-23,167.22999572753906,167.3300018310547,164.25999450683594,165.9499969482422,165.5776824951172,7916100
2024-09-24,165.74000549316406,166.10000610351562,163.9199981689453,165.8000030517578,165.4280242919922,6155100
2024-09-25,167.69000244140625,168.75,165.66000366210938,166.27999877929688,165.90695190429688,7142400
2024-09-26,167.64999389648438,168.36000061035156,166.47999572753906,168.10000610351562,167.72286987304688,7096800
2024-09-27,168.08999633789062,169.11000061035156,166.50999450683594,168.74000549316406,168.36143493652344,8974400
2024-09-30,169.5,170.52000427246094,166.4499969482422,170.39999389648438,170.0177001953125,10210300
2024-10-01,170.22000122070312,170.50999450683594,165.97000122070312,167.16000366210938,166.78497314453125,7595100
2024-10-02,167.60000610351562,169.17999267578125,167.27000427246094,167.7100067138672,167.333740234375,7073000
2024-10-03,166.88999938964844,167.86000061035156,166.24000549316406,166.86000061035156,166.4856414794922,4735700
2024-10-04,168.7100067138672,170.89999389648438,168.1699981689453,170.86000061035156,170.47666931152344,6386900
2024-10-07,170.4199981689453,172.3300018310547,169.5500030517578,169.97000122070312,169.5886688232422,6791000
2024-10-08,170.60000610351562,174.63999938964844,170.44000244140625,174.3699951171875,173.97879028320312,7845400
2024-10-09,174.55999755859375,178.61000061035156,173.80999755859375,178.2899932861328,177.88999938964844,8120900
2024-10-10,177.64999389648438,178.3000030517578,174.17999267578125,175.41000366210938,175.41000366210938,7115900
2024-10-11,175.5,177.0,174.39999389648438,175.77000427246094,175.77000427246094,5869400
2024-10-14,176.5500030517578,177.22000122070312,175.5,176.1199951171875,176.1199951171875,4688700
2024-10-15,176.94000244140625,178.22000122070312,173.75,174.08999633789062,174.08999633789062,5848600
2024-10-16,173.5,174.91000366210938,171.63999938964844,174.77000427246094,174.77000427246094,6383000
2024-10-17,177.5,177.75,175.13999938964844,175.67999267578125,175.67999267578125,5474000
2024-10-18,176.8000030517578,176.97000122070312,174.5800018310547,174.69000244140625,174.69000244140625,5001300
2024-10-21,174.4499969482422,175.14999389648438,173.16000366210938,173.75999450683594,173.75999450683594,4198400
2024-10-22,175.4499969482422,175.85000610351562,174.27999877929688,175.30999755859375,175.30999755859375,5510100
2024-10-23,174.5,176.07000732421875,173.00999450683594,173.10000610351562,173.10000610351562,4830400
2024-10-24,173.32000732421875,174.9499969482422,172.91000366210938,174.3800048828125,174.3800048828125,3488000
2024-10-25,174.77999877929688,176.2899932861328,173.10000610351562,173.52000427246094,173.52000427246094,3674700
2024-10-28,174.0500030517578,174.1699981689453,172.13999938964844,172.4199981689453,172.4199981689453,4330000
2024-10-29,172.2899932861328,174.02000427246094,172.2899932861328,173.42999267578125,173.42999267578125,4122900
2024-10-30,173.97999572753906,176.16000366210938,172.7899932861328,174.55999755859375,174.55999755859375,5822500
2024-10-31,170.52000427246094,170.8800048828125,167.39999389648438,167.83999633789062,167.83999633789062,9477500
2024-11-01,170.14999389648438,172.27000427246094,169.10000610351562,170.02000427246094,170.02000427246094,5680600
2024-11-04,170.30999755859375,170.47999572753906,168.72999572753906,169.58999633789062,169.58999633789062,4804400
2024-11-05,170.47000122070312,171.88999938964844,170.32000732421875,171.77999877929688,171.77999877929688,5456800
2024-11-06,178.52000427246094,182.10000610351562,177.4199981689453,181.24000549316406,181.24000549316406,11085000
2024-11-07,181.0800018310547,186.6699981689453,180.5399932861328,186.3699951171875,186.3699951171875,7759400
2024-11-08,186.25999450683594,190.16000366210938,186.25999450683594,189.25,189.25,8510500
